entry_date,exit_date,status,short_k,long_k,short_px,long_px,spy_entry,spy_expiry,credit,risk,pnl,ret,credit_2x,risk_2x,pnl_2x,ret_2x,credit_mid,risk_mid,pnl_mid,ret_mid,credit_pct,risk_pct,pnl_pct,ret_pct
2017-11-02,2017-12-15,ok,253.0,252.0,1.9,1.7,257.59,266.51,0.15919999999999995,0.8408,0.15919999999999995,0.1893434823977164,0.11919999999999996,0.8808,0.11919999999999996,0.1353315168029064,0.19919999999999996,0.8008000000000001,0.19919999999999996,0.24875124875124868,0.10719999999999996,0.8928,0.10719999999999996,0.12007168458781357
2017-11-09,2017-12-15,ok,254.0,253.0,1.82,1.63,258.17,266.51,0.14920000000000017,0.8507999999999998,0.14920000000000017,0.1753643629525155,0.10920000000000017,0.8907999999999998,0.10920000000000017,0.12258643915581521,0.18920000000000017,0.8107999999999999,0.18920000000000017,0.2333497779970402,0.10020000000000018,0.8997999999999998,0.10020000000000018,0.11135807957323872
2017-11-16,2017-12-15,ok,254.0,253.0,1.56,1.39,258.62,266.51,0.12920000000000015,0.8707999999999998,0.12920000000000015,0.14836931557188812,0.08920000000000015,0.9107999999999998,0.08920000000000015,0.09793588054457639,0.16920000000000016,0.8307999999999999,0.16920000000000016,0.20365912373615813,0.09020000000000016,0.9097999999999998,0.09020000000000016,0.09914266871839984
2017-11-24,2018-01-19,ok,255.0,254.0,2.05,1.86,260.36,280.41,0.14919999999999972,0.8508000000000002,0.14919999999999972,0.1753643629525149,0.10919999999999973,0.8908000000000003,0.10919999999999973,0.12258643915581466,0.18919999999999973,0.8108000000000003,0.18919999999999973,0.23334977799703954,0.09099999999999972,0.9090000000000003,0.09099999999999972,0.10011001100109977
2017-12-01,2018-01-19,ok,259.0,258.0,2.12,1.94,264.46,280.41,0.13920000000000016,0.8607999999999998,0.13920000000000016,0.1617100371747214,0.09920000000000016,0.9007999999999998,0.09920000000000016,0.11012433392539984,0.17920000000000016,0.8207999999999999,0.17920000000000016,0.21832358674463961,0.07800000000000015,0.9219999999999998,0.07800000000000015,0.084598698481562
2017-12-08,2018-01-19,ok,261.0,260.0,1.64,1.46,265.51,280.41,0.13919999999999993,0.8608,0.13919999999999993,0.1617100371747211,0.09919999999999994,0.9008,0.09919999999999994,0.11012433392539957,0.17919999999999994,0.8208000000000001,0.17919999999999994,0.21832358674463928,0.09719999999999995,0.9028,0.09719999999999995,0.10766504209127155
2017-12-15,2018-01-19,ok,263.0,262.0,1.1,0.96,266.51,280.41,0.09920000000000012,0.9007999999999998,0.09920000000000012,0.1101243339253998,0.05920000000000013,0.9407999999999999,0.05920000000000013,0.06292517006802735,0.13920000000000013,0.8607999999999999,0.13920000000000013,0.16171003717472135,0.07800000000000012,0.9219999999999999,0.07800000000000012,0.08459869848156196
2017-12-22,2018-02-16,ok,262.0,261.0,1.89,1.73,267.51,273.11,0.11919999999999992,0.8808,0.11919999999999992,0.13533151680290634,0.07919999999999992,0.9208000000000001,0.07919999999999992,0.08601216333622928,0.15919999999999992,0.8408000000000001,0.15919999999999992,0.18934348239771634,0.06679999999999992,0.9332,0.06679999999999992,0.07158165452207449
2018-01-02,2018-02-16,ok,264.0,263.0,1.68,1.51,268.77,273.11,0.12919999999999993,0.8708,0.12919999999999993,0.14836931557188784,0.08919999999999993,0.9108,0.08919999999999993,0.09793588054457612,0.16919999999999993,0.8308000000000001,0.16919999999999993,0.20365912373615783,0.08539999999999993,0.9146000000000001,0.08539999999999993,0.09337415263503163
2018-01-09,2018-02-16,ok,270.0,269.0,1.46,1.29,274.54,273.11,0.12919999999999993,0.8708,0.12919999999999993,0.14836931557188784,0.08919999999999993,0.9108,0.08919999999999993,0.09793588054457612,0.16919999999999993,0.8308000000000001,0.16919999999999993,0.20365912373615783,0.09419999999999994,0.9058,0.09419999999999994,0.10399646721130484
2018-01-17,2018-03-16,ok,274.0,273.0,2.66,2.44,279.61,274.2,0.1792000000000002,0.8207999999999998,0.1792000000000002,0.21832358674463967,0.1392000000000002,0.8607999999999998,0.1392000000000002,0.1617100371747215,0.2192000000000002,0.7807999999999998,0.2192000000000002,0.2807377049180331,0.09720000000000019,0.9027999999999998,0.09720000000000019,0.10766504209127183
2018-01-24,2018-03-16,ok,278.0,277.0,2.64,2.4,283.18,274.2,0.1992000000000002,0.8007999999999997,-0.8415999999999997,-1.050949050949051,0.15920000000000023,0.8407999999999998,-0.9215999999999998,-1.0960989533777354,0.23920000000000022,0.7607999999999998,-0.7615999999999998,-1.0010515247108307,0.1184000000000002,0.8815999999999998,-1.0344000000000002,-1.1733212341197827
2018-01-31,2018-03-16,ok,276.0,275.0,2.68,2.47,281.9,274.2,0.16919999999999996,0.8308,-0.8715999999999999,-1.049109292248435,0.12919999999999998,0.8708,-0.9516,-1.0927882406982086,0.20919999999999997,0.7908000000000001,-0.7916000000000001,-1.0010116337885686,0.08619999999999996,0.9138000000000001,-0.9866000000000005,-1.0796673232654852
2018-02-07,2018-03-16,ok,257.0,256.0,3.66,3.49,267.67,274.2,0.12919999999999993,0.8708,0.12919999999999993,0.14836931557188784,0.08919999999999993,0.9108,0.08919999999999993,0.09793588054457612,0.16919999999999993,0.8308000000000001,0.16919999999999993,0.20365912373615783,0.006199999999999928,0.9938,0.006199999999999928,0.00623867981485201
2018-02-14,2018-03-16,ok,263.0,262.0,2.86,2.64,269.59,274.2,0.17919999999999975,0.8208000000000002,0.17919999999999975,0.21832358674463903,0.13919999999999977,0.8608000000000002,0.13919999999999977,0.16171003717472088,0.21919999999999976,0.7808000000000003,0.21919999999999976,0.2807377049180324,0.08919999999999975,0.9108000000000003,0.08919999999999975,0.0979358805445759
2018-02-22,2018-04-20,ok,261.0,260.0,3.4,3.22,270.4,266.61,0.1391999999999997,0.8608000000000002,0.1391999999999997,0.16171003717472082,0.09919999999999972,0.9008000000000003,0.09919999999999972,0.1101243339253993,0.17919999999999972,0.8208000000000003,0.17919999999999972,0.21832358674463895,0.026799999999999713,0.9732000000000003,0.026799999999999713,0.027538018906699244
2018-03-01,2018-04-20,ok,258.0,257.0,3.82,3.64,267.7,266.61,0.1391999999999997,0.8608000000000002,0.1391999999999997,0.16171003717472082,0.09919999999999972,0.9008000000000003,0.09919999999999972,0.1101243339253993,0.17919999999999972,0.8208000000000003,0.17919999999999972,0.21832358674463895,0.009999999999999731,0.9900000000000002,0.009999999999999731,0.010101010101009828
2018-03-08,2018-04-20,ok,267.0,266.0,2.96,2.76,274.1,266.61,0.15920000000000017,0.8407999999999998,-0.2715999999999862,-0.32302568981920343,0.11920000000000018,0.8807999999999998,-0.35159999999998615,-0.39918256130788626,0.19920000000000018,0.8007999999999998,-0.19159999999998617,-0.23926073926072203,0.06480000000000019,0.9351999999999998,-0.3537999999999859,-0.3783147989734666
2018-03-15,2018-04-20,ok,268.0,267.0,2.34,2.16,275.0,266.61,0.1391999999999997,0.8608000000000002,-0.9016000000000002,-1.0473977695167285,0.09919999999999972,0.9008000000000003,-0.9816000000000003,-1.0896980461811723,0.17919999999999972,0.8208000000000003,-0.8216000000000003,-1.0009746588693957,0.0691999999999997,0.9308000000000003,-0.9871999999999997,-1.0605930382466688
2018-03-22,2018-05-18,ok,253.0,252.0,4.07,3.9,263.67,271.33,0.12920000000000037,0.8707999999999996,0.12920000000000037,0.14836931557188843,0.08920000000000038,0.9107999999999996,0.08920000000000038,0.09793588054457665,0.16920000000000038,0.8307999999999996,0.16920000000000038,0.20365912373615846,-0.010199999999999626,1.0101999999999995,-0.010199999999999626,-0.010097010492971323
2018-03-29,2018-05-18,ok,254.0,253.0,3.69,3.46,263.15,271.33,0.18919999999999998,0.8108,0.18919999999999998,0.23334977799703996,0.1492,0.8508,0.1492,0.17536436295251528,0.2292,0.7708,0.2292,0.2973533990659055,0.06619999999999998,0.9338,0.06619999999999998,0.07089312486613834
2018-04-06,2018-05-18,ok,251.0,250.0,3.5,3.28,259.72,271.33,0.1792000000000002,0.8207999999999998,0.1792000000000002,0.21832358674463967,0.1392000000000002,0.8607999999999998,0.1392000000000002,0.1617100371747215,0.2192000000000002,0.7807999999999998,0.2192000000000002,0.2807377049180331,0.06360000000000021,0.9363999999999998,0.06360000000000021,0.06791969243912882
2018-04-13,2018-05-18,ok,259.0,258.0,2.72,2.5,265.15,271.33,0.1792000000000002,0.8207999999999998,0.1792000000000002,0.21832358674463967,0.1392000000000002,0.8607999999999998,0.1392000000000002,0.1617100371747215,0.2192000000000002,0.7807999999999998,0.2192000000000002,0.2807377049180331,0.09480000000000019,0.9051999999999998,0.09480000000000019,0.10472823685373421
2018-04-20,2018-06-15,ok,259.0,258.0,3.6,3.38,266.61,277.13,0.1792000000000002,0.8207999999999998,0.1792000000000002,0.21832358674463967,0.1392000000000002,0.8607999999999998,0.1392000000000002,0.1617100371747215,0.2192000000000002,0.7807999999999998,0.2192000000000002,0.2807377049180331,0.05960000000000021,0.9403999999999998,0.05960000000000021,0.06337728626116569
2018-04-27,2018-06-15,ok,260.0,259.0,3.24,3.0,266.56,277.13,0.1992000000000002,0.8007999999999997,0.1992000000000002,0.2487512487512491,0.15920000000000023,0.8407999999999998,0.15920000000000023,0.18934348239771678,0.23920000000000022,0.7607999999999998,0.23920000000000022,0.31440588853838103,0.0944000000000002,0.9055999999999997,0.0944000000000002,0.10424028268551262
2018-05-04,2018-06-15,ok,260.0,259.0,2.87,2.64,266.02,277.13,0.18919999999999998,0.8108,0.18919999999999998,0.23334977799703996,0.1492,0.8508,0.1492,0.17536436295251528,0.2292,0.7708,0.2292,0.2973533990659055,0.09899999999999998,0.901,0.09899999999999998,0.10987791342952273
2018-05-11,2018-06-15,ok,268.0,267.0,2.22,1.98,272.85,277.13,0.1992000000000002,0.8007999999999997,0.1992000000000002,0.2487512487512491,0.15920000000000023,0.8407999999999998,0.15920000000000023,0.18934348239771678,0.23920000000000022,0.7607999999999998,0.23920000000000022,0.31440588853838103,0.1352000000000002,0.8647999999999998,0.1352000000000002,0.15633672525439435
2018-05-18,2018-06-15,ok,267.0,266.0,2.1,1.86,271.33,277.13,0.1992,0.8008,0.1992,0.24875124875124874,0.1592,0.8408,0.1592,0.18934348239771648,0.2392,0.7608,0.2392,0.31440588853838064,0.13999999999999999,0.86,0.13999999999999999,0.1627906976744186
2018-05-25,2018-07-20,ok,266.0,265.0,2.84,2.64,272.15,279.68,0.15919999999999973,0.8408000000000002,0.15919999999999973,0.1893434823977161,0.11919999999999974,0.8808000000000002,0.11919999999999974,0.13533151680290612,0.19919999999999974,0.8008000000000003,0.19919999999999974,0.24875124875124832,0.06959999999999972,0.9304000000000003,0.06959999999999972,0.0748065348237314
2018-06-04,2018-07-20,ok,269.0,268.0,2.4,2.2,274.9,279.68,0.15919999999999973,0.8408000000000002,0.15919999999999973,0.1893434823977161,0.11919999999999974,0.8808000000000002,0.11919999999999974,0.13533151680290612,0.19919999999999974,0.8008000000000003,0.19919999999999974,0.24875124875124832,0.08719999999999972,0.9128000000000003,0.08719999999999972,0.09553023663453078
2018-06-11,2018-07-20,ok,273.0,272.0,2.06,1.88,278.56,279.68,0.13920000000000016,0.8607999999999998,0.13920000000000016,0.1617100371747214,0.09920000000000016,0.9007999999999998,0.09920000000000016,0.11012433392539984,0.17920000000000016,0.8207999999999999,0.17920000000000016,0.21832358674463961,0.08040000000000017,0.9195999999999999,0.08040000000000017,0.08742931709438906
2018-06-18,2018-07-20,ok,272.0,271.0,1.62,1.46,276.56,279.68,0.11920000000000014,0.8807999999999998,0.11920000000000014,0.13533151680290664,0.07920000000000015,0.9207999999999998,0.07920000000000015,0.08601216333622953,0.15920000000000015,0.8407999999999999,0.15920000000000015,0.18934348239771667,0.07760000000000014,0.9223999999999999,0.07760000000000014,0.08412836079791863
2018-06-25,2018-08-17,ok,263.0,262.0,3.04,2.88,271.0,285.06,0.11920000000000014,0.8807999999999998,0.11920000000000014,0.13533151680290664,0.07920000000000015,0.9207999999999998,0.07920000000000015,0.08601216333622953,0.15920000000000015,0.8407999999999999,0.15920000000000015,0.18934348239771667,0.02080000000000015,0.9791999999999998,0.02080000000000015,0.021241830065359634
2018-07-02,2018-08-17,ok,265.0,264.0,2.66,2.48,271.86,285.06,0.13920000000000016,0.8607999999999998,0.13920000000000016,0.1617100371747214,0.09920000000000016,0.9007999999999998,0.09920000000000016,0.11012433392539984,0.17920000000000016,0.8207999999999999,0.17920000000000016,0.21832358674463961,0.05640000000000016,0.9435999999999999,0.05640000000000016,0.059771089444680126
2018-07-10,2018-08-17,ok,274.0,273.0,1.97,1.79,278.9,285.06,0.13919999999999993,0.8608,0.13919999999999993,0.1617100371747211,0.09919999999999994,0.9008,0.09919999999999994,0.11012433392539957,0.17919999999999994,0.8208000000000001,0.17919999999999994,0.21832358674463928,0.08399999999999994,0.916,0.08399999999999994,0.09170305676855887
2018-07-17,2018-08-17,ok,276.0,275.0,1.52,1.36,280.47,285.06,0.11919999999999992,0.8808,0.11919999999999992,0.13533151680290634,0.07919999999999992,0.9208000000000001,0.07919999999999992,0.08601216333622928,0.15919999999999992,0.8408000000000001,0.15919999999999992,0.18934348239771634,0.08159999999999992,0.9184000000000001,0.08159999999999992,0.08885017421602778
2018-07-24,2018-09-21,ok,275.0,274.0,2.75,2.56,281.61,291.99,0.14919999999999994,0.8508,0.14919999999999994,0.1753643629525152,0.10919999999999995,0.8908,0.10919999999999995,0.12258643915581494,0.18919999999999995,0.8108000000000001,0.18919999999999995,0.23334977799703988,0.06299999999999994,0.937,0.06299999999999994,0.06723585912486653
2018-07-31,2018-09-21,ok,275.0,274.0,2.36,2.18,281.33,291.99,0.1391999999999997,0.8608000000000002,0.1391999999999997,0.16171003717472082,0.09919999999999972,0.9008000000000003,0.09919999999999972,0.1101243339253993,0.17919999999999972,0.8208000000000003,0.17919999999999972,0.21832358674463895,0.06839999999999971,0.9316000000000003,0.06839999999999971,0.07342206955774977
2018-08-07,2018-09-21,ok,280.0,279.0,2.0,1.82,285.58,291.99,0.13919999999999993,0.8608,0.13919999999999993,0.1617100371747211,0.09919999999999994,0.9008,0.09919999999999994,0.11012433392539957,0.17919999999999994,0.8208000000000001,0.17919999999999994,0.21832358674463928,0.08279999999999993,0.9172,0.08279999999999993,0.0902747492368076
2018-08-14,2018-09-21,ok,278.0,277.0,2.1,1.92,283.9,291.99,0.13920000000000016,0.8607999999999998,0.13920000000000016,0.1617100371747214,0.09920000000000016,0.9007999999999998,0.09920000000000016,0.11012433392539984,0.17920000000000016,0.8207999999999999,0.17920000000000016,0.21832358674463961,0.07880000000000016,0.9211999999999998,0.07880000000000016,0.08554059921841096
2018-08-21,2018-09-21,ok,281.0,280.0,1.86,1.68,286.34,291.99,0.13920000000000016,0.8607999999999998,0.13920000000000016,0.1617100371747214,0.09920000000000016,0.9007999999999998,0.09920000000000016,0.11012433392539984,0.17920000000000016,0.8207999999999999,0.17920000000000016,0.21832358674463961,0.08840000000000016,0.9115999999999999,0.08840000000000016,0.09697235629662151
2018-08-28,2018-10-19,ok,284.0,283.0,2.62,2.42,289.92,276.25,0.15920000000000017,0.8407999999999998,-0.8815999999999997,-1.0485252140818269,0.11920000000000018,0.8807999999999998,-0.9615999999999998,-1.0917347865576748,0.19920000000000018,0.8007999999999998,-0.8015999999999999,-1.000999000999001,0.07840000000000016,0.9215999999999999,-1.2324,-1.3372395833333335
2018-09-05,2018-10-19,ok,283.0,282.0,2.6,2.4,289.03,276.25,0.15920000000000017,0.8407999999999998,-0.8815999999999997,-1.0485252140818269,0.11920000000000018,0.8807999999999998,-0.9615999999999998,-1.0917347865576748,0.19920000000000018,0.8007999999999998,-0.8015999999999999,-1.000999000999001,0.07920000000000017,0.9207999999999998,-1.1915999999999998,-1.2940920938314509
2018-09-12,2018-10-19,ok,283.0,282.0,2.0,1.82,289.12,276.25,0.13919999999999993,0.8608,-0.9016,-1.0473977695167285,0.09919999999999994,0.9008,-0.9816,-1.0896980461811723,0.17919999999999994,0.8208000000000001,-0.8216000000000001,-1.0009746588693957,0.08279999999999993,0.9172,-1.1880000000000002,-1.2952464020933276
2018-09-19,2018-11-16,ok,285.0,284.0,2.83,2.63,291.22,273.73,0.15920000000000017,0.8407999999999998,-0.8815999999999997,-1.0485252140818269,0.11920000000000018,0.8807999999999998,-0.9615999999999998,-1.0917347865576748,0.19920000000000018,0.8007999999999998,-0.8015999999999999,-1.000999000999001,0.07000000000000017,0.9299999999999998,-1.3815999999999993,-1.485591397849462
2018-09-26,2018-11-16,ok,283.0,282.0,2.48,2.31,289.88,273.73,0.12919999999999993,0.8708,-0.9116,-1.046853468075333,0.08919999999999993,0.9108,-0.9916,-1.0887132191480018,0.16919999999999993,0.8308000000000001,-0.8316000000000001,-1.000962927298989,0.05339999999999992,0.9466000000000001,-1.3181999999999994,-1.392562856539192
2018-10-03,2018-11-16,ok,286.0,285.0,2.24,2.07,291.72,273.73,0.12920000000000037,0.8707999999999996,-0.9115999999999995,-1.046853468075333,0.08920000000000038,0.9107999999999996,-0.9915999999999996,-1.0887132191480018,0.16920000000000038,0.8307999999999996,-0.8315999999999997,-1.000962927298989,0.06300000000000036,0.9369999999999996,-1.428599999999999,-1.524653148345784
2018-10-10,2018-11-16,ok,269.0,268.0,3.8,3.6,278.3,273.73,0.15919999999999973,0.8408000000000002,0.15919999999999973,0.1893434823977161,0.11919999999999974,0.8808000000000002,0.11919999999999974,0.13533151680290612,0.19919999999999974,0.8008000000000003,0.19919999999999974,0.24875124875124832,0.031199999999999728,0.9688000000000003,0.031199999999999728,0.03220478943022267
2018-10-17,2018-11-16,ok,274.0,273.0,2.48,2.28,280.45,273.73,0.15920000000000017,0.8407999999999998,-0.15159999999998164,-0.18030447193147203,0.11920000000000018,0.8807999999999998,-0.2315999999999816,-0.2629427792915323,0.19920000000000018,0.8007999999999998,-0.07159999999998162,-0.08941058941056648,0.08400000000000019,0.9159999999999998,-0.21219999999998126,-0.2316593886462678
2018-11-07,2018-12-21,ok,274.0,273.0,3.48,3.24,281.01,240.7,0.19919999999999977,0.8008000000000002,-0.8416000000000001,-1.050949050949051,0.1591999999999998,0.8408000000000002,-0.9216000000000002,-1.0960989533777354,0.23919999999999977,0.7608000000000003,-0.7616000000000003,-1.0010515247108307,0.08479999999999976,0.9152000000000002,-2.2480000000000007,-2.4562937062937062
2019-02-13,2019-03-15,ok,269.0,268.0,2.48,2.25,274.99,281.31,0.18919999999999998,0.8108,0.18919999999999998,0.23334977799703996,0.1492,0.8508,0.1492,0.17536436295251528,0.2292,0.7708,0.2292,0.2973533990659055,0.11459999999999998,0.8854,0.11459999999999998,0.1294330246216399
2019-02-21,2019-04-18,ok,270.0,269.0,3.28,3.06,277.42,290.02,0.17919999999999975,0.8208000000000002,0.17919999999999975,0.21832358674463903,0.13919999999999977,0.8608000000000002,0.13919999999999977,0.16171003717472088,0.21919999999999976,0.7808000000000003,0.21919999999999976,0.2807377049180324,0.07239999999999977,0.9276000000000002,0.07239999999999977,0.07805088400172462
2019-02-28,2019-04-18,ok,272.0,271.0,2.98,2.76,278.68,290.02,0.1792000000000002,0.8207999999999998,0.1792000000000002,0.21832358674463967,0.1392000000000002,0.8607999999999998,0.1392000000000002,0.1617100371747215,0.2192000000000002,0.7807999999999998,0.2192000000000002,0.2807377049180331,0.0844000000000002,0.9155999999999997,0.0844000000000002,0.09217999126256031
2019-03-07,2019-04-18,ok,268.0,267.0,3.1,2.88,275.01,290.02,0.1792000000000002,0.8207999999999998,0.1792000000000002,0.21832358674463967,0.1392000000000002,0.8607999999999998,0.1392000000000002,0.1617100371747215,0.2192000000000002,0.7807999999999998,0.2192000000000002,0.2807377049180331,0.0796000000000002,0.9203999999999998,0.0796000000000002,0.0864841373315952
2019-03-14,2019-04-18,ok,276.0,275.0,2.42,2.18,281.16,290.02,0.19919999999999977,0.8008000000000002,0.19919999999999977,0.2487512487512484,0.1591999999999998,0.8408000000000002,0.1591999999999998,0.18934348239771615,0.23919999999999977,0.7608000000000003,0.23919999999999977,0.31440588853838025,0.12719999999999976,0.8728000000000002,0.12719999999999976,0.14573785517873478
2019-03-21,2019-05-17,ok,278.0,277.0,3.02,2.84,284.73,285.84,0.13920000000000016,0.8607999999999998,0.13920000000000016,0.1617100371747214,0.09920000000000016,0.9007999999999998,0.09920000000000016,0.11012433392539984,0.17920000000000016,0.8207999999999999,0.17920000000000016,0.21832358674463961,0.04200000000000015,0.9579999999999999,0.04200000000000015,0.04384133611691039
2019-03-28,2019-05-17,ok,274.0,273.0,3.08,2.86,280.71,285.84,0.1792000000000002,0.8207999999999998,0.1792000000000002,0.21832358674463967,0.1392000000000002,0.8607999999999998,0.1392000000000002,0.1617100371747215,0.2192000000000002,0.7807999999999998,0.2192000000000002,0.2807377049180331,0.0804000000000002,0.9195999999999998,0.0804000000000002,0.0874293170943891
2019-04-04,2019-05-17,ok,281.0,280.0,2.5,2.3,287.18,285.84,0.15920000000000017,0.8407999999999998,0.15920000000000017,0.18934348239771673,0.11920000000000018,0.8807999999999998,0.11920000000000018,0.13533151680290667,0.19920000000000018,0.8007999999999998,0.19920000000000018,0.24875124875124902,0.08320000000000018,0.9167999999999998,0.08320000000000018,0.09075043630017472
2019-04-11,2019-05-17,ok,283.0,282.0,2.19,2.0,288.21,285.84,0.14919999999999994,0.8508,0.14919999999999994,0.1753643629525152,0.10919999999999995,0.8908,0.10919999999999995,0.12258643915581494,0.18919999999999995,0.8108000000000001,0.18919999999999995,0.23334977799703988,0.08539999999999995,0.9146000000000001,0.08539999999999995,0.09337415263503164
2019-04-18,2019-05-17,ok,285.0,284.0,1.65,1.48,290.02,285.84,0.12919999999999993,0.8708,0.12919999999999993,0.14836931557188784,0.08919999999999993,0.9108,0.08919999999999993,0.09793588054457612,0.16919999999999993,0.8308000000000001,0.16919999999999993,0.20365912373615783,0.08659999999999993,0.9134000000000001,0.08659999999999993,0.09481059776658629
2019-04-26,2019-06-21,ok,287.0,286.0,3.11,2.9,293.41,294.0,0.16919999999999996,0.8308,0.16919999999999996,0.20365912373615788,0.12919999999999998,0.8708,0.12919999999999998,0.1483693155718879,0.20919999999999997,0.7908000000000001,0.20919999999999997,0.2645422357106727,0.06899999999999998,0.931,0.06899999999999998,0.07411385606874325
2019-05-03,2019-06-21,ok,288.0,287.0,3.01,2.8,294.03,294.0,0.16919999999999996,0.8308,0.16919999999999996,0.20365912373615788,0.12919999999999998,0.8708,0.12919999999999998,0.1483693155718879,0.20919999999999997,0.7908000000000001,0.20919999999999997,0.2645422357106727,0.07299999999999998,0.927,0.07299999999999998,0.07874865156418552
2019-05-10,2019-06-21,ok,281.0,280.0,3.46,3.24,288.1,294.0,0.17919999999999975,0.8208000000000002,0.17919999999999975,0.21832358674463903,0.13919999999999977,0.8608000000000002,0.13919999999999977,0.16171003717472088,0.21919999999999976,0.7808000000000003,0.21919999999999976,0.2807377049180324,0.06519999999999976,0.9348000000000003,0.06519999999999976,0.06974753958065869
2019-05-17,2019-06-21,ok,279.0,278.0,3.08,2.86,285.84,294.0,0.1792000000000002,0.8207999999999998,0.1792000000000002,0.21832358674463967,0.1392000000000002,0.8607999999999998,0.1392000000000002,0.1617100371747215,0.2192000000000002,0.7807999999999998,0.2192000000000002,0.2807377049180331,0.0804000000000002,0.9195999999999998,0.0804000000000002,0.0874293170943891
2019-05-24,2019-07-19,ok,275.0,274.0,4.03,3.78,282.78,297.17,0.20920000000000044,0.7907999999999995,0.20920000000000044,0.2645422357106735,0.16920000000000046,0.8307999999999995,0.16920000000000046,0.20365912373615858,0.24920000000000045,0.7507999999999996,0.24920000000000045,0.3319126265317003,0.07300000000000045,0.9269999999999996,0.07300000000000045,0.07874865156418606
2019-06-10,2019-07-19,ok,282.0,281.0,3.18,2.94,288.97,297.17,0.1992000000000002,0.8007999999999997,0.1992000000000002,0.2487512487512491,0.15920000000000023,0.8407999999999998,0.15920000000000023,0.18934348239771678,0.23920000000000022,0.7607999999999998,0.23920000000000022,0.31440588853838103,0.09680000000000022,0.9031999999999998,0.09680000000000022,0.10717449069973455
2019-06-17,2019-07-19,ok,283.0,282.0,2.83,2.59,289.37,297.17,0.1992000000000002,0.8007999999999997,0.1992000000000002,0.2487512487512491,0.15920000000000023,0.8407999999999998,0.15920000000000023,0.18934348239771678,0.23920000000000022,0.7607999999999998,0.23920000000000022,0.31440588853838103,0.1108000000000002,0.8891999999999998,0.1108000000000002,0.12460638776428276
2019-06-24,2019-08-16,ok,286.0,285.0,3.4,3.18,293.64,288.85,0.17919999999999975,0.8208000000000002,0.17919999999999975,0.21832358674463903,0.13919999999999977,0.8608000000000002,0.13919999999999977,0.16171003717472088,0.21919999999999976,0.7808000000000003,0.21919999999999976,0.2807377049180324,0.06759999999999977,0.9324000000000002,0.06759999999999977,0.07250107250107224
2019-07-01,2019-08-16,ok,289.0,288.0,2.9,2.7,295.66,288.85,0.15919999999999973,0.8408000000000002,-0.031599999999977535,-0.03758325404374111,0.11919999999999974,0.8808000000000002,-0.11159999999997752,-0.1267029972751788,0.19919999999999974,0.8008000000000003,0.048400000000022474,0.06043956043958848,0.06719999999999976,0.9328000000000003,-0.10659999999997705,-0.11427958833616747
2019-07-09,2019-08-16,ok,291.0,290.0,2.55,2.36,297.19,288.85,0.14919999999999994,0.8508,-0.8916,-1.0479548660084625,0.10919999999999995,0.8908,-0.9716,-1.09070498428379,0.18919999999999995,0.8108000000000001,-0.8116000000000001,-1.0009866798223976,0.07099999999999995,0.929,-1.0157999999999991,-1.0934337997847137
2019-07-16,2019-08-16,ok,294.0,293.0,1.92,1.74,299.71,288.85,0.13919999999999993,0.8608,-0.9016,-1.0473977695167285,0.09919999999999994,0.9008,-0.9816,-1.0896980461811723,0.17919999999999994,0.8208000000000001,-0.8216000000000001,-1.0009746588693957,0.08599999999999994,0.914,-1.1207999999999991,-1.2262582056892768
2019-07-23,2019-09-20,ok,293.0,292.0,3.42,3.21,300.03,298.28,0.16919999999999996,0.8308,0.16919999999999996,0.20365912373615788,0.12919999999999998,0.8708,0.12919999999999998,0.1483693155718879,0.20919999999999997,0.7908000000000001,0.20919999999999997,0.2645422357106727,0.056599999999999984,0.9434,0.056599999999999984,0.059995760016959915
2019-07-30,2019-09-20,ok,294.0,293.0,3.52,3.3,300.72,298.28,0.1792000000000002,0.8207999999999998,0.1792000000000002,0.21832358674463967,0.1392000000000002,0.8607999999999998,0.1392000000000002,0.1617100371747215,0.2192000000000002,0.7807999999999998,0.2192000000000002,0.2807377049180331,0.06280000000000019,0.9371999999999998,0.06280000000000019,0.0670081092616306
2019-08-06,2019-09-20,ok,279.0,278.0,4.83,4.58,287.8,298.28,0.2092,0.7908,0.2092,0.26454223571067276,0.16920000000000002,0.8308,0.16920000000000002,0.20365912373615794,0.2492,0.7508,0.2492,0.3319126265316995,0.04100000000000001,0.959,0.04100000000000001,0.04275286757038583
2019-08-13,2019-09-20,ok,285.0,284.0,3.83,3.6,292.55,298.28,0.18919999999999998,0.8108,0.18919999999999998,0.23334977799703996,0.1492,0.8508,0.1492,0.17536436295251528,0.2292,0.7708,0.2292,0.2973533990659055,0.06059999999999999,0.9394,0.06059999999999999,0.0645092612305727
2019-08-20,2019-09-20,ok,283.0,282.0,3.56,3.32,290.09,298.28,0.1992000000000002,0.8007999999999997,0.1992000000000002,0.2487512487512491,0.15920000000000023,0.8407999999999998,0.15920000000000023,0.18934348239771678,0.23920000000000022,0.7607999999999998,0.23920000000000022,0.31440588853838103,0.08160000000000023,0.9183999999999998,0.08160000000000023,0.08885017421602814
2019-08-27,2019-10-18,ok,277.0,276.0,5.26,5.0,286.87,297.97,0.21919999999999978,0.7808000000000002,0.21919999999999978,0.28073770491803246,0.1791999999999998,0.8208000000000002,0.1791999999999998,0.2183235867446391,0.25919999999999976,0.7408000000000002,0.25919999999999976,0.3498920086393084,0.03399999999999981,0.9660000000000002,0.03399999999999981,0.03519668737060021
2019-09-04,2019-10-18,ok,286.0,285.0,4.18,3.96,294.04,297.97,0.17919999999999975,0.8208000000000002,0.17919999999999975,0.21832358674463903,0.13919999999999977,0.8608000000000002,0.13919999999999977,0.16171003717472088,0.21919999999999976,0.7808000000000003,0.21919999999999976,0.2807377049180324,0.036399999999999766,0.9636000000000002,0.036399999999999766,0.03777501037774985
2019-09-11,2019-10-18,ok,294.0,293.0,3.1,2.89,300.25,297.97,0.16919999999999996,0.8308,0.16919999999999996,0.20365912373615788,0.12919999999999998,0.8708,0.12919999999999998,0.1483693155718879,0.20919999999999997,0.7908000000000001,0.20919999999999997,0.2645422357106727,0.06939999999999996,0.9306000000000001,0.06939999999999996,0.07457554266064899
2019-09-18,2019-11-15,ok,294.0,293.0,4.34,4.1,301.1,311.79,0.1992000000000002,0.8007999999999997,0.1992000000000002,0.2487512487512491,0.15920000000000023,0.8407999999999998,0.15920000000000023,0.18934348239771678,0.23920000000000022,0.7607999999999998,0.23920000000000022,0.31440588853838103,0.05040000000000022,0.9495999999999998,0.05040000000000022,0.05307497893850067
2019-09-25,2019-11-15,ok,290.0,289.0,4.03,3.82,297.62,311.79,0.1692000000000004,0.8307999999999995,0.1692000000000004,0.20365912373615852,0.12920000000000043,0.8707999999999996,0.12920000000000043,0.14836931557188848,0.2092000000000004,0.7907999999999996,0.2092000000000004,0.26454223571067337,0.03220000000000042,0.9677999999999995,0.03220000000000042,0.0332713370531106
2019-10-02,2019-11-15,ok,279.0,278.0,4.73,4.48,288.06,311.79,0.2092,0.7908,0.2092,0.26454223571067276,0.16920000000000002,0.8308,0.16920000000000002,0.20365912373615794,0.2492,0.7508,0.2492,0.3319126265316995,0.044999999999999984,0.9550000000000001,0.044999999999999984,0.04712041884816752
2019-10-09,2019-11-15,ok,283.0,282.0,3.68,3.46,291.27,311.79,0.1792000000000002,0.8207999999999998,0.1792000000000002,0.21832358674463967,0.1392000000000002,0.8607999999999998,0.1392000000000002,0.1617100371747215,0.2192000000000002,0.7807999999999998,0.2192000000000002,0.2807377049180331,0.05640000000000023,0.9435999999999998,0.05640000000000023,0.0597710894446802
2019-10-16,2019-11-15,ok,293.0,292.0,2.37,2.17,298.4,311.79,0.15920000000000017,0.8407999999999998,0.15920000000000017,0.18934348239771673,0.11920000000000018,0.8807999999999998,0.11920000000000018,0.13533151680290667,0.19920000000000018,0.8007999999999998,0.19920000000000018,0.24875124875124902,0.08840000000000017,0.9115999999999999,0.08840000000000017,0.09697235629662153
2019-10-23,2019-12-20,ok,292.0,291.0,3.96,3.74,299.88,320.73,0.17919999999999975,0.8208000000000002,0.17919999999999975,0.21832358674463903,0.13919999999999977,0.8608000000000002,0.13919999999999977,0.16171003717472088,0.21919999999999976,0.7808000000000003,0.21919999999999976,0.2807377049180324,0.04519999999999974,0.9548000000000003,0.04519999999999974,0.04733975701717608
2019-10-30,2019-12-20,ok,298.0,297.0,3.59,3.36,304.14,320.73,0.18919999999999998,0.8108,0.18919999999999998,0.23334977799703996,0.1492,0.8508,0.1492,0.17536436295251528,0.2292,0.7708,0.2292,0.2973533990659055,0.07019999999999998,0.9298,0.07019999999999998,0.07550010755001074
2019-11-06,2019-12-20,ok,301.0,300.0,3.23,3.02,307.1,320.73,0.16919999999999996,0.8308,0.16919999999999996,0.20365912373615788,0.12919999999999998,0.8708,0.12919999999999998,0.1483693155718879,0.20919999999999997,0.7908000000000001,0.20919999999999997,0.2645422357106727,0.06419999999999998,0.9358,0.06419999999999998,0.0686044026501389
2019-11-13,2019-12-20,ok,303.0,302.0,2.86,2.66,309.1,320.73,0.15919999999999973,0.8408000000000002,0.15919999999999973,0.1893434823977161,0.11919999999999974,0.8808000000000002,0.11919999999999974,0.13533151680290612,0.19919999999999974,0.8008000000000003,0.19919999999999974,0.24875124875124832,0.06879999999999975,0.9312000000000002,0.06879999999999975,0.0738831615120272
2019-11-20,2020-01-17,ok,304.0,303.0,4.08,3.86,310.77,331.95,0.1792000000000002,0.8207999999999998,0.1792000000000002,0.21832358674463967,0.1392000000000002,0.8607999999999998,0.1392000000000002,0.1617100371747215,0.2192000000000002,0.7807999999999998,0.2192000000000002,0.2807377049180331,0.040400000000000214,0.9595999999999998,0.040400000000000214,0.042100875364735536
2019-11-27,2020-01-17,ok,309.0,308.0,3.42,3.22,315.48,331.95,0.15919999999999973,0.8408000000000002,0.15919999999999973,0.1893434823977161,0.11919999999999974,0.8808000000000002,0.11919999999999974,0.13533151680290612,0.19919999999999974,0.8008000000000003,0.19919999999999974,0.24875124875124832,0.04639999999999975,0.9536000000000002,0.04639999999999975,0.04865771812080509
2019-12-05,2020-01-17,ok,305.0,304.0,3.84,3.62,312.02,331.95,0.17919999999999975,0.8208000000000002,0.17919999999999975,0.21832358674463903,0.13919999999999977,0.8608000000000002,0.13919999999999977,0.16171003717472088,0.21919999999999976,0.7808000000000003,0.21919999999999976,0.2807377049180324,0.04999999999999977,0.9500000000000002,0.04999999999999977,0.05263157894736817
2019-12-12,2020-01-17,ok,311.0,310.0,3.1,2.9,317.13,331.95,0.15920000000000017,0.8407999999999998,0.15920000000000017,0.18934348239771673,0.11920000000000018,0.8807999999999998,0.11920000000000018,0.13533151680290667,0.19920000000000018,0.8007999999999998,0.19920000000000018,0.24875124875124902,0.0592000000000002,0.9407999999999999,0.0592000000000002,0.06292517006802743
2019-12-19,2020-01-17,ok,316.0,315.0,2.14,1.96,320.9,331.95,0.13920000000000016,0.8607999999999998,0.13920000000000016,0.1617100371747214,0.09920000000000016,0.9007999999999998,0.09920000000000016,0.11012433392539984,0.17920000000000016,0.8207999999999999,0.17920000000000016,0.21832358674463961,0.07720000000000016,0.9227999999999998,0.07720000000000016,0.0836584308625923
2019-12-27,2020-02-21,ok,315.0,314.0,3.56,3.38,322.86,333.48,0.13920000000000016,0.8607999999999998,0.13920000000000016,0.1617100371747214,0.09920000000000016,0.9007999999999998,0.09920000000000016,0.11012433392539984,0.17920000000000016,0.8207999999999999,0.17920000000000016,0.21832358674463961,0.020400000000000196,0.9795999999999998,0.020400000000000196,0.020824826459779705
2020-01-07,2020-02-21,ok,315.0,314.0,3.18,2.99,322.73,333.48,0.14919999999999994,0.8508,0.14919999999999994,0.1753643629525152,0.10919999999999995,0.8908,0.10919999999999995,0.12258643915581494,0.18919999999999995,0.8108000000000001,0.18919999999999995,0.23334977799703988,0.04579999999999995,0.9542,0.04579999999999995,0.047998323202682824
2020-01-14,2020-02-21,ok,321.0,320.0,2.42,2.24,327.45,333.48,0.1391999999999997,0.8608000000000002,0.1391999999999997,0.16171003717472082,0.09919999999999972,0.9008000000000003,0.09919999999999972,0.1101243339253993,0.17919999999999972,0.8208000000000003,0.17919999999999972,0.21832358674463895,0.06599999999999971,0.9340000000000003,0.06599999999999971,0.07066381156316884
2020-01-22,2020-03-20,ok,323.0,322.0,3.96,3.74,331.34,228.8,0.17919999999999975,0.8208000000000002,-0.8616000000000001,-1.0497076023391811,0.13919999999999977,0.8608000000000002,-0.9416000000000002,-1.0938661710037174,0.21919999999999976,0.7808000000000003,-0.7816000000000003,-1.0010245901639345,0.04519999999999974,0.9548000000000003,-4.7236,-4.947214076246333
2020-01-29,2020-03-20,ok,317.0,316.0,4.42,4.2,326.62,228.8,0.17919999999999975,0.8208000000000002,-0.8616000000000001,-1.0497076023391811,0.13919999999999977,0.8608000000000002,-0.9416000000000002,-1.0938661710037174,0.21919999999999976,0.7808000000000003,-0.7816000000000003,-1.0010245901639345,0.02679999999999977,0.9732000000000003,-4.502,-4.6259761611179595
2020-02-05,2020-03-20,ok,324.0,323.0,3.5,3.3,332.86,228.8,0.15920000000000017,0.8407999999999998,-0.8815999999999997,-1.0485252140818269,0.11920000000000018,0.8807999999999998,-0.9615999999999998,-1.0917347865576748,0.19920000000000018,0.8007999999999998,-0.8015999999999999,-1.000999000999001,0.04320000000000018,0.9567999999999999,-4.765599999999999,-4.980769230769231
2020-02-12,2020-03-20,ok,330.0,329.0,2.9,2.71,337.42,228.8,0.14919999999999994,0.8508,-0.8916,-1.0479548660084625,0.10919999999999995,0.8908,-0.9716,-1.09070498428379,0.18919999999999995,0.8108000000000001,-0.8116000000000001,-1.0009866798223976,0.05699999999999997,0.9430000000000001,-4.9918,-5.293531283138917
2020-02-20,2020-04-17,ok,327.0,326.0,4.2,4.0,336.95,286.64,0.15920000000000017,0.8407999999999998,-0.8815999999999997,-1.0485252140818269,0.11920000000000018,0.8807999999999998,-0.9615999999999998,-1.0917347865576748,0.19920000000000018,0.8007999999999998,-0.8015999999999999,-1.000999000999001,0.015200000000000186,0.9847999999999998,-2.6000000000000005,-2.6401299756295704
2020-06-01,2020-07-17,ok,292.0,291.0,6.71,6.47,305.55,321.72,0.1992000000000002,0.8007999999999997,0.1992000000000002,0.2487512487512491,0.15920000000000023,0.8407999999999998,0.15920000000000023,0.18934348239771678,0.23920000000000022,0.7607999999999998,0.23920000000000022,0.31440588853838103,-0.04439999999999983,1.0443999999999998,-0.04439999999999983,-0.04251244733818445
2020-06-08,2020-07-17,ok,310.0,309.0,5.31,5.09,323.2,321.72,0.17919999999999975,0.8208000000000002,0.17919999999999975,0.21832358674463903,0.13919999999999977,0.8608000000000002,0.13919999999999977,0.16171003717472088,0.21919999999999976,0.7808000000000003,0.21919999999999976,0.2807377049180324,-0.008800000000000224,1.0088000000000001,-0.008800000000000224,-0.00872323552735946
2020-06-15,2020-07-17,ok,293.0,292.0,6.67,6.43,307.05,321.72,0.1992000000000002,0.8007999999999997,0.1992000000000002,0.2487512487512491,0.15920000000000023,0.8407999999999998,0.15920000000000023,0.18934348239771678,0.23920000000000022,0.7607999999999998,0.23920000000000022,0.31440588853838103,-0.04279999999999984,1.0427999999999997,-0.04279999999999984,-0.041043344840813054
2020-06-22,2020-08-21,ok,293.0,292.0,8.3,8.08,310.62,339.48,0.17920000000000064,0.8207999999999993,0.17920000000000064,0.21832358674464034,0.13920000000000066,0.8607999999999993,0.13920000000000066,0.16171003717472207,0.21920000000000064,0.7807999999999994,0.21920000000000064,0.28073770491803385,-0.1283999999999994,1.1283999999999994,-0.1283999999999994,-0.11378943637008106
2020-06-29,2020-08-21,ok,288.0,287.0,7.7,7.47,304.46,339.48,0.18920000000000042,0.8107999999999995,0.18920000000000042,0.23334977799704062,0.14920000000000044,0.8507999999999996,0.14920000000000044,0.1753643629525159,0.22920000000000043,0.7707999999999996,0.22920000000000043,0.29735339906590624,-0.09419999999999962,1.0941999999999996,-0.09419999999999962,-0.08609029427892492
2020-07-07,2020-08-21,ok,299.0,298.0,6.6,6.38,313.78,339.48,0.17919999999999975,0.8208000000000002,0.17919999999999975,0.21832358674463903,0.13919999999999977,0.8608000000000002,0.13919999999999977,0.16171003717472088,0.21919999999999976,0.7808000000000003,0.21919999999999976,0.2807377049180324,-0.06040000000000029,1.0604000000000002,-0.06040000000000029,-0.056959637872501204
2020-07-14,2020-08-21,ok,305.0,304.0,5.91,5.7,318.92,339.48,0.16919999999999996,0.8308,0.16919999999999996,0.20365912373615788,0.12919999999999998,0.8708,0.12919999999999998,0.1483693155718879,0.20919999999999997,0.7908000000000001,0.20919999999999997,0.2645422357106727,-0.04300000000000004,1.0430000000000001,-0.04300000000000004,-0.04122722914669227
2020-07-21,2020-08-21,ok,314.0,313.0,4.54,4.33,325.01,339.48,0.16919999999999996,0.8308,0.16919999999999996,0.20365912373615788,0.12919999999999998,0.8708,0.12919999999999998,0.1483693155718879,0.20919999999999997,0.7908000000000001,0.20919999999999997,0.2645422357106727,0.011799999999999977,0.9882,0.011799999999999977,0.011940902651285142
2020-07-28,2020-09-18,ok,307.0,306.0,6.72,6.5,321.17,330.65,0.17919999999999975,0.8208000000000002,0.17919999999999975,0.21832358674463903,0.13919999999999977,0.8608000000000002,0.13919999999999977,0.16171003717472088,0.21919999999999976,0.7808000000000003,0.21919999999999976,0.2807377049180324,-0.06520000000000026,1.0652000000000004,-0.06520000000000026,-0.06120916259857326
2020-08-04,2020-09-18,ok,317.0,316.0,5.79,5.57,330.06,330.65,0.17919999999999975,0.8208000000000002,0.17919999999999975,0.21832358674463903,0.13919999999999977,0.8608000000000002,0.13919999999999977,0.16171003717472088,0.21919999999999976,0.7808000000000003,0.21919999999999976,0.2807377049180324,-0.028000000000000247,1.0280000000000002,-0.028000000000000247,-0.027237354085603346
2020-08-11,2020-09-18,ok,321.0,320.0,5.5,5.3,332.8,330.65,0.15920000000000017,0.8407999999999998,0.15920000000000017,0.18934348239771673,0.11920000000000018,0.8807999999999998,0.11920000000000018,0.13533151680290667,0.19920000000000018,0.8007999999999998,0.19920000000000018,0.24875124875124902,-0.036799999999999805,1.0367999999999997,-0.036799999999999805,-0.03549382716049365
2020-08-18,2020-09-18,ok,328.0,327.0,4.11,3.92,338.64,330.65,0.1492000000000004,0.8507999999999996,0.1492000000000004,0.17536436295251584,0.1092000000000004,0.8907999999999996,0.1092000000000004,0.12258643915581549,0.1892000000000004,0.8107999999999996,0.1892000000000004,0.23334977799704054,0.008600000000000385,0.9913999999999996,0.008600000000000385,0.00867460157353277
2020-08-25,2020-10-16,ok,331.0,330.0,6.1,5.9,344.12,347.29,0.1591999999999993,0.8408000000000007,0.1591999999999993,0.18934348239771545,0.11919999999999929,0.8808000000000007,0.11919999999999929,0.13533151680290553,0.1991999999999993,0.8008000000000007,0.1991999999999993,0.24875124875124766,-0.06080000000000074,1.0608000000000009,-0.06080000000000074,-0.05731523378582268
2020-09-01,2020-10-16,ok,338.0,337.0,6.17,5.97,352.6,347.29,0.15920000000000017,0.8407999999999998,0.15920000000000017,0.18934348239771673,0.11920000000000018,0.8807999999999998,0.11920000000000018,0.13533151680290667,0.19920000000000018,0.8007999999999998,0.19920000000000018,0.24875124875124902,-0.06359999999999982,1.0635999999999999,-0.06359999999999982,-0.05979691613388476
2020-09-09,2020-10-16,ok,325.0,324.0,6.095,5.875,339.79,347.29,0.17919999999999975,0.8208000000000002,0.17919999999999975,0.21832358674463903,0.13919999999999977,0.8608000000000002,0.13919999999999977,0.16171003717472088,0.21919999999999976,0.7808000000000003,0.21919999999999976,0.2807377049180324,-0.040200000000000236,1.0402000000000002,-0.040200000000000236,-0.038646414151125
2020-09-16,2020-10-16,ok,327.0,326.0,5.08,4.85,338.82,347.29,0.18920000000000042,0.8107999999999995,0.18920000000000042,0.23334977799704062,0.14920000000000044,0.8507999999999996,0.14920000000000044,0.1753643629525159,0.22920000000000043,0.7707999999999996,0.22920000000000043,0.29735339906590624,0.010600000000000442,0.9893999999999996,0.010600000000000442,0.010713563776026325
2020-09-23,2020-11-20,ok,306.0,305.0,8.94,8.67,322.64,355.33,0.22919999999999957,0.7708000000000004,0.22919999999999957,0.29735339906590486,0.1891999999999996,0.8108000000000004,0.1891999999999996,0.23334977799703935,0.26919999999999955,0.7308000000000004,0.26919999999999955,0.3683634373289537,-0.10300000000000042,1.1030000000000004,-0.10300000000000042,-0.09338168631006381
2020-09-30,2020-11-20,ok,320.0,319.0,8.3,8.03,334.89,355.33,0.22920000000000135,0.7707999999999986,0.22920000000000135,0.29735339906590785,0.18920000000000137,0.8107999999999986,0.18920000000000137,0.23334977799704204,0.2692000000000013,0.7307999999999987,0.2692000000000013,0.36836343732895704,-0.07739999999999869,1.0773999999999986,-0.07739999999999869,-0.07183961388527825
2020-10-07,2020-11-20,ok,326.0,325.0,7.24,7.0,340.76,355.33,0.1992000000000002,0.8007999999999997,0.1992000000000002,0.2487512487512491,0.15920000000000023,0.8407999999999998,0.15920000000000023,0.18934348239771678,0.23920000000000022,0.7607999999999998,0.23920000000000022,0.31440588853838103,-0.06559999999999988,1.0655999999999999,-0.06559999999999988,-0.06156156156156146
2020-10-14,2020-11-20,ok,334.0,333.0,5.91,5.69,347.93,355.33,0.17919999999999975,0.8208000000000002,0.17919999999999975,0.21832358674463903,0.13919999999999977,0.8608000000000002,0.13919999999999977,0.16171003717472088,0.21919999999999976,0.7808000000000003,0.21919999999999976,0.2807377049180324,-0.03280000000000027,1.0328000000000004,-0.03280000000000027,-0.0317583268783891
2020-10-21,2020-12-18,ok,325.0,324.0,8.61,8.36,342.73,369.18,0.2092,0.7908,0.2092,0.26454223571067276,0.16920000000000002,0.8308,0.16920000000000002,0.20365912373615794,0.2492,0.7508,0.2492,0.3319126265316995,-0.11020000000000002,1.1102,-0.11020000000000002,-0.09926139434336156
2020-10-28,2020-12-18,ok,306.0,305.0,10.25,10.2,326.66,369.18,0.009200000000000708,0.9907999999999992,0.009200000000000708,0.00928542591845046,-0.030799999999999286,1.0307999999999993,-0.030799999999999286,-0.029879705083429672,0.04920000000000071,0.9507999999999993,0.04920000000000071,0.05174589819099784,-0.37979999999999936,1.3797999999999995,-0.37979999999999936,-0.2752572836642988
2020-11-04,2020-12-18,ok,327.0,326.0,7.3,7.07,343.54,369.18,0.18919999999999954,0.8108000000000004,0.18919999999999954,0.23334977799703926,0.14919999999999956,0.8508000000000004,0.14919999999999956,0.17536436295251467,0.22919999999999954,0.7708000000000005,0.22919999999999954,0.2973533990659048,-0.07820000000000049,1.0782000000000005,-0.07820000000000049,-0.07252828788721986
2020-11-11,2020-12-18,ok,344.0,343.0,5.52,5.3,356.67,369.18,0.17919999999999975,0.8208000000000002,0.17919999999999975,0.21832358674463903,0.13919999999999977,0.8608000000000002,0.13919999999999977,0.16171003717472088,0.21919999999999976,0.7808000000000003,0.21919999999999976,0.2807377049180324,-0.017200000000000215,1.0172000000000003,-0.017200000000000215,-0.016909162406606577
2020-11-18,2021-01-15,ok,341.0,340.0,7.3,7.06,356.28,375.7,0.1992000000000002,0.8007999999999997,0.1992000000000002,0.2487512487512491,0.15920000000000023,0.8407999999999998,0.15920000000000023,0.18934348239771678,0.23920000000000022,0.7607999999999998,0.23920000000000022,0.31440588853838103,-0.06799999999999984,1.0679999999999998,-0.06799999999999984,-0.06367041198501859
2020-11-25,2021-01-15,ok,349.0,348.0,6.13,5.91,362.66,375.7,0.17919999999999975,0.8208000000000002,0.17919999999999975,0.21832358674463903,0.13919999999999977,0.8608000000000002,0.13919999999999977,0.16171003717472088,0.21919999999999976,0.7808000000000003,0.21919999999999976,0.2807377049180324,-0.0416000000000003,1.0416000000000003,-0.0416000000000003,-0.03993855606758861
2020-12-03,2021-01-15,ok,354.0,353.0,5.83,5.6,366.69,375.7,0.18920000000000042,0.8107999999999995,0.18920000000000042,0.23334977799704062,0.14920000000000044,0.8507999999999996,0.14920000000000044,0.1753643629525159,0.22920000000000043,0.7707999999999996,0.22920000000000043,0.29735339906590624,-0.019399999999999584,1.0193999999999996,-0.019399999999999584,-0.01903080243280321
2020-12-10,2021-01-15,ok,354.0,353.0,5.1,4.88,366.73,375.7,0.17919999999999975,0.8208000000000002,0.17919999999999975,0.21832358674463903,0.13919999999999977,0.8608000000000002,0.13919999999999977,0.16171003717472088,0.21919999999999976,0.7808000000000003,0.21919999999999976,0.2807377049180324,-0.0004000000000002335,1.0004000000000002,-0.0004000000000002335,-0.00039984006397464356
2020-12-17,2021-01-15,ok,361.0,360.0,4.29,4.09,372.24,375.7,0.15920000000000017,0.8407999999999998,0.15920000000000017,0.18934348239771673,0.11920000000000018,0.8807999999999998,0.11920000000000018,0.13533151680290667,0.19920000000000018,0.8007999999999998,0.19920000000000018,0.24875124875124902,0.011600000000000193,0.9883999999999998,0.011600000000000193,0.011736139214892954
2020-12-24,2021-02-19,ok,354.0,353.0,6.26,6.06,369.0,390.03,0.15920000000000017,0.8407999999999998,0.15920000000000017,0.18934348239771673,0.11920000000000018,0.8807999999999998,0.11920000000000018,0.13533151680290667,0.19920000000000018,0.8007999999999998,0.19920000000000018,0.24875124875124902,-0.06719999999999982,1.0671999999999997,-0.06719999999999982,-0.06296851574212878
2021-01-04,2021-02-19,ok,352.0,351.0,6.26,6.06,368.79,390.03,0.15920000000000017,0.8407999999999998,0.15920000000000017,0.18934348239771673,0.11920000000000018,0.8807999999999998,0.11920000000000018,0.13533151680290667,0.19920000000000018,0.8007999999999998,0.19920000000000018,0.24875124875124902,-0.06719999999999982,1.0671999999999997,-0.06719999999999982,-0.06296851574212878
2021-01-11,2021-02-19,ok,365.0,364.0,5.72,5.51,378.69,390.03,0.16919999999999996,0.8308,0.16919999999999996,0.20365912373615788,0.12919999999999998,0.8708,0.12919999999999998,0.1483693155718879,0.20919999999999997,0.7908000000000001,0.20919999999999997,0.2645422357106727,-0.035400000000000015,1.0354,-0.035400000000000015,-0.03418968514583737
2021-01-19,2021-02-19,ok,366.0,365.0,4.66,4.48,378.65,390.03,0.1391999999999997,0.8608000000000002,0.1391999999999997,0.16171003717472082,0.09919999999999972,0.9008000000000003,0.09919999999999972,0.1101243339253993,0.17919999999999972,0.8208000000000003,0.17919999999999972,0.21832358674463895,-0.023600000000000287,1.0236000000000003,-0.023600000000000287,-0.02305588120359543
2021-01-26,2021-03-19,ok,368.0,367.0,7.21,7.0,383.79,389.48,0.16919999999999996,0.8308,0.16919999999999996,0.20365912373615788,0.12919999999999998,0.8708,0.12919999999999998,0.1483693155718879,0.20919999999999997,0.7908000000000001,0.20919999999999997,0.2645422357106727,-0.09500000000000008,1.0950000000000002,-0.09500000000000008,-0.08675799086757997
2021-02-02,2021-03-19,ok,365.0,364.0,7.01,6.8,381.55,389.48,0.16919999999999996,0.8308,0.16919999999999996,0.20365912373615788,0.12919999999999998,0.8708,0.12919999999999998,0.1483693155718879,0.20919999999999997,0.7908000000000001,0.20919999999999997,0.2645422357106727,-0.08700000000000008,1.0870000000000002,-0.08700000000000008,-0.08003679852805894
2021-02-09,2021-03-19,ok,377.0,376.0,5.48,5.29,390.25,389.48,0.1492000000000004,0.8507999999999996,0.1492000000000004,0.17536436295251584,0.1092000000000004,0.8907999999999996,0.1092000000000004,0.12258643915581549,0.1892000000000004,0.8107999999999996,0.1892000000000004,0.23334977799704054,-0.04619999999999963,1.0461999999999996,-0.04619999999999963,-0.04415981647868443
2021-02-17,2021-04-16,ok,376.0,375.0,7.08,6.88,392.39,417.26,0.15920000000000017,0.8407999999999998,0.15920000000000017,0.18934348239771673,0.11920000000000018,0.8807999999999998,0.11920000000000018,0.13533151680290667,0.19920000000000018,0.8007999999999998,0.19920000000000018,0.24875124875124902,-0.09999999999999987,1.0999999999999999,-0.09999999999999987,-0.0909090909090908
2021-02-24,2021-04-16,ok,377.0,376.0,6.51,6.3,391.77,417.26,0.16919999999999996,0.8308,0.16919999999999996,0.20365912373615788,0.12919999999999998,0.8708,0.12919999999999998,0.1483693155718879,0.20919999999999997,0.7908000000000001,0.20919999999999997,0.2645422357106727,-0.06700000000000006,1.0670000000000002,-0.06700000000000006,-0.06279287722586696
2021-03-03,2021-04-16,ok,365.0,364.0,6.81,6.6,381.42,417.26,0.16919999999999996,0.8308,0.16919999999999996,0.20365912373615788,0.12919999999999998,0.8708,0.12919999999999998,0.1483693155718879,0.20919999999999997,0.7908000000000001,0.20919999999999997,0.2645422357106727,-0.07900000000000007,1.0790000000000002,-0.07900000000000007,-0.07321594068582025
2021-03-10,2021-04-16,ok,376.0,375.0,5.49,5.29,389.58,417.26,0.15920000000000017,0.8407999999999998,0.15920000000000017,0.18934348239771673,0.11920000000000018,0.8807999999999998,0.11920000000000018,0.13533151680290667,0.19920000000000018,0.8007999999999998,0.19920000000000018,0.24875124875124902,-0.03639999999999982,1.0363999999999998,-0.03639999999999982,-0.035121574681589954
2021-03-17,2021-04-16,ok,386.0,385.0,3.92,3.73,397.26,417.26,0.14919999999999994,0.8508,0.14919999999999994,0.1753643629525152,0.10919999999999995,0.8908,0.10919999999999995,0.12258643915581494,0.18919999999999995,0.8108000000000001,0.18919999999999995,0.23334977799703988,0.016199999999999964,0.9838,0.016199999999999964,0.016466761536897707
2021-03-24,2021-05-21,ok,372.0,371.0,6.47,6.27,387.52,414.94,0.15920000000000017,0.8407999999999998,0.15920000000000017,0.18934348239771673,0.11920000000000018,0.8807999999999998,0.11920000000000018,0.13533151680290667,0.19920000000000018,0.8007999999999998,0.19920000000000018,0.24875124875124902,-0.07559999999999983,1.0756,-0.07559999999999983,-0.07028635180364433
2021-03-31,2021-05-21,ok,382.0,381.0,5.2,5.01,396.33,414.94,0.1492000000000004,0.8507999999999996,0.1492000000000004,0.17536436295251584,0.1092000000000004,0.8907999999999996,0.1092000000000004,0.12258643915581549,0.1892000000000004,0.8107999999999996,0.1892000000000004,0.23334977799704054,-0.03499999999999959,1.0349999999999997,-0.03499999999999959,-0.033816425120772556
2021-04-08,2021-05-21,ok,397.0,396.0,4.35,4.27,408.52,414.94,0.03920000000000007,0.9607999999999999,0.03920000000000007,0.04079933388842639,-0.0007999999999999258,1.0008,-0.0007999999999999258,-0.0007993605115906533,0.07920000000000008,0.9208,0.07920000000000008,0.08601216333622945,-0.11319999999999991,1.1132,-0.11319999999999991,-0.10168882500898303
2021-04-15,2021-05-21,ok,405.0,404.0,3.83,3.64,415.87,414.94,0.14919999999999994,0.8508,0.14919999999999994,0.1753643629525152,0.10919999999999995,0.8908,0.10919999999999995,0.12258643915581494,0.18919999999999995,0.8108000000000001,0.18919999999999995,0.23334977799703988,0.019799999999999957,0.9802000000000001,0.019799999999999957,0.020199959192001588
2021-04-22,2021-06-18,ok,397.0,396.0,6.52,6.31,412.27,414.92,0.16919999999999996,0.8308,0.16919999999999996,0.20365912373615788,0.12919999999999998,0.8708,0.12919999999999998,0.1483693155718879,0.20919999999999997,0.7908000000000001,0.20919999999999997,0.2645422357106727,-0.06740000000000007,1.0674000000000001,-0.06740000000000007,-0.06314408843919811
2021-04-29,2021-06-18,ok,407.0,406.0,5.79,5.58,420.06,414.92,0.16919999999999996,0.8308,0.16919999999999996,0.20365912373615788,0.12919999999999998,0.8708,0.12919999999999998,0.1483693155718879,0.20919999999999997,0.7908000000000001,0.20919999999999997,0.2645422357106727,-0.03820000000000004,1.0382,-0.03820000000000004,-0.036794451936043186
2021-05-06,2021-06-18,ok,406.0,405.0,5.33,5.13,419.07,414.92,0.15920000000000017,0.8407999999999998,0.15920000000000017,0.18934348239771673,0.11920000000000018,0.8807999999999998,0.11920000000000018,0.13533151680290667,0.19920000000000018,0.8007999999999998,0.19920000000000018,0.24875124875124902,-0.029999999999999805,1.0299999999999998,-0.029999999999999805,-0.029126213592232827
2021-05-13,2021-06-18,ok,396.0,395.0,6.06,5.84,410.28,414.92,0.17919999999999975,0.8208000000000002,0.17919999999999975,0.21832358674463903,0.13919999999999977,0.8608000000000002,0.13919999999999977,0.16171003717472088,0.21919999999999976,0.7808000000000003,0.21919999999999976,0.2807377049180324,-0.03880000000000028,1.0388000000000002,-0.03880000000000028,-0.03735078937235298
2021-05-20,2021-07-16,ok,399.0,398.0,6.97,6.77,415.28,431.34,0.15920000000000017,0.8407999999999998,0.15920000000000017,0.18934348239771673,0.11920000000000018,0.8807999999999998,0.11920000000000018,0.13533151680290667,0.19920000000000018,0.8007999999999998,0.19920000000000018,0.24875124875124902,-0.09559999999999985,1.0956,-0.09559999999999985,-0.08725812340270159
2021-08-09,2021-09-17,ok,430.0,429.0,4.7,4.53,442.13,441.4,0.12919999999999993,0.8708,0.12919999999999993,0.14836931557188784,0.08919999999999993,0.9108,0.08919999999999993,0.09793588054457612,0.16919999999999993,0.8308000000000001,0.16919999999999993,0.20365912373615783,-0.03540000000000004,1.0354,-0.03540000000000004,-0.034189685145837395
2021-08-16,2021-09-17,ok,436.0,435.0,3.82,3.65,446.97,441.4,0.12919999999999993,0.8708,0.12919999999999993,0.14836931557188784,0.08919999999999993,0.9108,0.08919999999999993,0.09793588054457612,0.16919999999999993,0.8308000000000001,0.16919999999999993,0.20365912373615783,-0.00020000000000003348,1.0002,-0.00020000000000003348,-0.00019996000799843381
2021-08-23,2021-10-15,ok,433.0,432.0,6.03,5.84,447.26,445.87,0.1492000000000004,0.8507999999999996,0.1492000000000004,0.17536436295251584,0.1092000000000004,0.8907999999999996,0.1092000000000004,0.12258643915581549,0.1892000000000004,0.8107999999999996,0.1892000000000004,0.23334977799704054,-0.06819999999999965,1.0681999999999996,-0.06819999999999965,-0.06384572177494821
2021-08-30,2021-10-15,ok,439.0,438.0,5.08,4.91,452.23,445.87,0.12919999999999993,0.8708,0.12919999999999993,0.14836931557188784,0.08919999999999993,0.9108,0.08919999999999993,0.09793588054457612,0.16919999999999993,0.8308000000000001,0.16919999999999993,0.20365912373615783,-0.05060000000000009,1.0506000000000002,-0.05060000000000009,-0.0481629545021893
2021-09-07,2021-10-15,ok,438.0,437.0,4.63,4.47,451.46,445.87,0.11920000000000014,0.8807999999999998,0.11920000000000014,0.13533151680290664,0.07920000000000015,0.9207999999999998,0.07920000000000015,0.08601216333622953,0.15920000000000015,0.8407999999999999,0.15920000000000015,0.18934348239771667,-0.04279999999999984,1.0427999999999997,-0.04279999999999984,-0.041043344840813054
2021-09-14,2021-10-15,ok,432.0,431.0,4.93,4.74,444.17,445.87,0.1491999999999995,0.8508000000000004,0.1491999999999995,0.1753643629525146,0.1091999999999995,0.8908000000000005,0.1091999999999995,0.12258643915581438,0.1891999999999995,0.8108000000000005,0.1891999999999995,0.2333497779970392,-0.0242000000000005,1.0242000000000004,-0.0242000000000005,-0.02362819761765328
2021-09-21,2021-11-19,ok,414.0,413.0,8.13,7.93,433.63,468.89,0.15920000000000106,0.8407999999999989,0.15920000000000106,0.18934348239771798,0.11920000000000107,0.8807999999999989,0.11920000000000107,0.13533151680290784,0.19920000000000107,0.800799999999999,0.19920000000000107,0.2487512487512504,-0.14199999999999902,1.141999999999999,-0.14199999999999902,-0.12434325744308156
2021-09-28,2021-11-19,ok,416.0,415.0,7.52,7.31,433.72,468.89,0.16919999999999996,0.8308,0.16919999999999996,0.20365912373615788,0.12919999999999998,0.8708,0.12919999999999998,0.1483693155718879,0.20919999999999997,0.7908000000000001,0.20919999999999997,0.2645422357106727,-0.10740000000000005,1.1074000000000002,-0.10740000000000005,-0.09698392631388841
2021-10-05,2021-11-19,ok,417.0,416.0,6.52,6.32,433.1,468.89,0.1591999999999993,0.8408000000000007,0.1591999999999993,0.18934348239771545,0.11919999999999929,0.8808000000000007,0.11919999999999929,0.13533151680290553,0.1991999999999993,0.8008000000000007,0.1991999999999993,0.24875124875124766,-0.07760000000000078,1.0776000000000008,-0.07760000000000078,-0.0720118782479591
2021-10-12,2021-11-19,ok,420.0,419.0,5.42,5.22,433.62,468.89,0.15920000000000017,0.8407999999999998,0.15920000000000017,0.18934348239771673,0.11920000000000018,0.8807999999999998,0.11920000000000018,0.13533151680290667,0.19920000000000018,0.8007999999999998,0.19920000000000018,0.24875124875124902,-0.0335999999999998,1.0335999999999999,-0.0335999999999998,-0.0325077399380803
2021-10-19,2021-11-19,ok,440.0,439.0,3.61,3.45,450.64,468.89,0.1191999999999997,0.8808000000000002,0.1191999999999997,0.13533151680290606,0.0791999999999997,0.9208000000000003,0.0791999999999997,0.08601216333622902,0.1591999999999997,0.8408000000000003,0.1591999999999997,0.18934348239771603,-0.0020000000000002793,1.0020000000000002,-0.0020000000000002793,-0.0019960079840322144
2021-10-26,2021-12-17,ok,442.0,441.0,6.03,5.83,455.96,459.87,0.15920000000000017,0.8407999999999998,0.15920000000000017,0.18934348239771673,0.11920000000000018,0.8807999999999998,0.11920000000000018,0.13533151680290667,0.19920000000000018,0.8007999999999998,0.19920000000000018,0.24875124875124902,-0.057999999999999885,1.0579999999999998,-0.057999999999999885,-0.05482041587901691
2021-11-02,2021-12-17,ok,449.0,448.0,5.53,5.33,461.9,459.87,0.15920000000000017,0.8407999999999998,0.15920000000000017,0.18934348239771673,0.11920000000000018,0.8807999999999998,0.11920000000000018,0.13533151680290667,0.19920000000000018,0.8007999999999998,0.19920000000000018,0.24875124875124902,-0.03799999999999981,1.0379999999999998,-0.03799999999999981,-0.0366088631984584
2022-03-28,2022-05-20,ok,441.0,440.0,7.65,7.43,455.91,389.63,0.17920000000000064,0.8207999999999993,-0.8615999999999993,-1.0497076023391814,0.13920000000000066,0.8607999999999993,-0.9415999999999993,-1.0938661710037174,0.21920000000000064,0.7807999999999994,-0.7815999999999994,-1.0010245901639345,-0.10239999999999938,1.1023999999999994,-3.1579999999999995,-2.8646589259796817
2022-04-04,2022-05-20,ok,443.0,442.0,6.23,6.02,456.8,389.63,0.16920000000000085,0.8307999999999991,-0.871599999999999,-1.0491092922484353,0.12920000000000087,0.8707999999999991,-0.9515999999999991,-1.0927882406982086,0.20920000000000086,0.7907999999999992,-0.7915999999999992,-1.0010116337885686,-0.055799999999999184,1.0557999999999992,-3.1913999999999993,-3.022731577950371
2023-01-27,2023-03-17,ok,395.0,394.0,6.11,5.85,405.68,389.99,0.21920000000000067,0.7807999999999993,-0.8215999999999992,-1.0522540983606556,0.1792000000000007,0.8207999999999993,-0.9015999999999993,-1.098440545808967,0.25920000000000065,0.7407999999999993,-0.7415999999999994,-1.0010799136069115,6.661338147750939e-16,0.9999999999999993,-1.201199999999999,-1.2011999999999998
2023-02-03,2023-03-17,ok,402.0,401.0,5.68,5.43,412.35,389.99,0.2092,0.7908,-0.8315999999999999,-1.0515933232169954,0.16920000000000002,0.8308,-0.9116,-1.0972556571978815,0.2492,0.7508,-0.7516,-1.0010655301012255,0.007000000000000006,0.993,-1.4741999999999997,-1.4845921450151054
2023-02-10,2023-03-17,ok,397.0,396.0,5.82,5.56,408.04,389.99,0.21920000000000067,0.7807999999999993,-0.8215999999999992,-1.0522540983606556,0.1792000000000007,0.8207999999999993,-0.9015999999999993,-1.098440545808967,0.25920000000000065,0.7407999999999993,-0.7415999999999994,-1.0010799136069115,0.011600000000000665,0.9883999999999993,-1.269599999999999,-1.2845002023472276
2023-02-17,2023-03-17,ok,398.0,397.0,5.0,4.74,407.26,389.99,0.21919999999999978,0.7808000000000002,-0.8216000000000001,-1.0522540983606556,0.1791999999999998,0.8208000000000002,-0.9016000000000002,-1.0984405458089668,0.25919999999999976,0.7408000000000002,-0.7416000000000003,-1.0010799136069115,0.04439999999999977,0.9556000000000002,-1.2768,-1.3361239012138966
2023-02-27,2023-04-21,ok,385.0,384.0,6.61,6.35,397.73,412.2,0.21920000000000067,0.7807999999999993,0.21920000000000067,0.2807377049180339,0.1792000000000007,0.8207999999999993,0.1792000000000007,0.2183235867446404,0.25920000000000065,0.7407999999999993,0.25920000000000065,0.34989200863931,-0.01999999999999935,1.0199999999999994,-0.01999999999999935,-0.019607843137254277
2023-03-06,2023-04-21,ok,394.0,393.0,5.8,5.53,404.47,412.2,0.22919999999999957,0.7708000000000004,0.22919999999999957,0.29735339906590486,0.1891999999999996,0.8108000000000004,0.1891999999999996,0.23334977799703935,0.26919999999999955,0.7308000000000004,0.26919999999999955,0.3683634373289537,0.022599999999999565,0.9774000000000005,0.022599999999999565,0.023122570083895594
2023-03-20,2023-04-21,ok,382.0,381.0,5.67,5.43,393.74,412.2,0.1992000000000002,0.8007999999999997,0.1992000000000002,0.2487512487512491,0.15920000000000023,0.8407999999999998,0.15920000000000023,0.18934348239771678,0.23920000000000022,0.7607999999999998,0.23920000000000022,0.31440588853838103,-0.002799999999999775,1.0027999999999997,-0.002799999999999775,-0.0027921818907057994
2023-03-27,2023-05-19,ok,384.0,383.0,6.57,6.32,396.49,418.62,0.2092,0.7908,0.2092,0.26454223571067276,0.16920000000000002,0.8308,0.16920000000000002,0.20365912373615794,0.2492,0.7508,0.2492,0.3319126265316995,-0.02860000000000007,1.0286,-0.02860000000000007,-0.027804783200466723
2023-04-03,2023-05-19,ok,400.0,399.0,5.48,5.25,410.95,418.62,0.18920000000000042,0.8107999999999995,0.18920000000000042,0.23334977799704062,0.14920000000000044,0.8507999999999996,0.14920000000000044,0.1753643629525159,0.22920000000000043,0.7707999999999996,0.22920000000000043,0.29735339906590624,-0.005399999999999572,1.0053999999999996,-0.005399999999999572,-0.005370996618260964
2023-04-11,2023-05-19,ok,400.0,399.0,5.1,4.86,409.72,418.62,0.19919999999999932,0.8008000000000006,0.19919999999999932,0.2487512487512477,0.15919999999999934,0.8408000000000007,0.15919999999999934,0.18934348239771553,0.23919999999999933,0.7608000000000007,0.23919999999999933,0.3144058885383795,0.01999999999999935,0.9800000000000006,0.01999999999999935,0.020408163265305448
2023-04-18,2023-05-19,ok,406.0,405.0,3.92,3.7,414.21,418.62,0.17919999999999975,0.8208000000000002,0.17919999999999975,0.21832358674463903,0.13919999999999977,0.8608000000000002,0.13919999999999977,0.16171003717472088,0.21919999999999976,0.7808000000000003,0.21919999999999976,0.2807377049180324,0.04679999999999976,0.9532000000000003,0.04679999999999976,0.049097775912714796
2023-04-25,2023-06-16,ok,395.0,394.0,6.15,5.94,406.08,439.46,0.16919999999999996,0.8308,0.16919999999999996,0.20365912373615788,0.12919999999999998,0.8708,0.12919999999999998,0.1483693155718879,0.20919999999999997,0.7908000000000001,0.20919999999999997,0.2645422357106727,-0.05260000000000009,1.0526,-0.05260000000000009,-0.04997149914497444
2023-05-02,2023-06-16,ok,401.0,400.0,5.94,5.72,410.84,439.46,0.17920000000000064,0.8207999999999993,0.17920000000000064,0.21832358674464034,0.13920000000000066,0.8607999999999993,0.13920000000000066,0.16171003717472207,0.21920000000000064,0.7807999999999994,0.21920000000000064,0.28073770491803385,-0.033999999999999364,1.0339999999999994,-0.033999999999999364,-0.03288201160541527
2023-05-09,2023-06-16,ok,402.0,401.0,5.44,5.23,410.93,439.46,0.16919999999999996,0.8308,0.16919999999999996,0.20365912373615788,0.12919999999999998,0.8708,0.12919999999999998,0.1483693155718879,0.20919999999999997,0.7908000000000001,0.20919999999999997,0.2645422357106727,-0.024200000000000055,1.0242,-0.024200000000000055,-0.023628197617652856
2023-05-16,2023-06-16,ok,401.0,400.0,4.36,4.15,410.25,439.46,0.16919999999999996,0.8308,0.16919999999999996,0.20365912373615788,0.12919999999999998,0.8708,0.12919999999999998,0.1483693155718879,0.20919999999999997,0.7908000000000001,0.20919999999999997,0.2645422357106727,0.01899999999999996,0.9810000000000001,0.01899999999999996,0.019367991845056023
2023-05-23,2023-07-21,ok,402.0,401.0,6.26,6.05,414.09,452.18,0.16919999999999996,0.8308,0.16919999999999996,0.20365912373615788,0.12919999999999998,0.8708,0.12919999999999998,0.1483693155718879,0.20919999999999997,0.7908000000000001,0.20919999999999997,0.2645422357106727,-0.05700000000000005,1.057,-0.05700000000000005,-0.05392620624408709
2023-05-31,2023-07-21,ok,407.0,406.0,5.48,5.27,417.85,452.18,0.16920000000000085,0.8307999999999991,0.16920000000000085,0.20365912373615916,0.12920000000000087,0.8707999999999991,0.12920000000000087,0.14836931557188907,0.20920000000000086,0.7907999999999992,0.20920000000000086,0.2645422357106741,-0.025799999999999157,1.0257999999999992,-0.025799999999999157,-0.025151101579254414
2023-06-07,2023-07-21,ok,419.0,418.0,4.16,3.94,426.55,452.18,0.1792000000000002,0.8207999999999998,0.1792000000000002,0.21832358674463967,0.1392000000000002,0.8607999999999998,0.1392000000000002,0.1617100371747215,0.2192000000000002,0.7807999999999998,0.2192000000000002,0.2807377049180331,0.037200000000000205,0.9627999999999998,0.037200000000000205,0.03863730785209827
2023-06-22,2023-08-18,ok,429.0,428.0,4.98,4.75,436.51,436.5,0.18920000000000042,0.8107999999999995,0.18920000000000042,0.23334977799704062,0.14920000000000044,0.8507999999999996,0.14920000000000044,0.1753643629525159,0.22920000000000043,0.7707999999999996,0.22920000000000043,0.29735339906590624,0.014600000000000446,0.9853999999999996,0.014600000000000446,0.01481631824639786
2023-06-29,2023-08-18,ok,430.0,429.0,4.14,3.94,438.11,436.5,0.15919999999999973,0.8408000000000002,0.15919999999999973,0.1893434823977161,0.11919999999999974,0.8808000000000002,0.11919999999999974,0.13533151680290612,0.19919999999999974,0.8008000000000003,0.19919999999999974,0.24875124875124832,0.017599999999999755,0.9824000000000003,0.017599999999999755,0.017915309446253816
2023-07-07,2023-08-18,ok,430.0,429.0,3.96,3.76,438.55,436.5,0.15920000000000017,0.8407999999999998,0.15920000000000017,0.18934348239771673,0.11920000000000018,0.8807999999999998,0.11920000000000018,0.13533151680290667,0.19920000000000018,0.8007999999999998,0.19920000000000018,0.24875124875124902,0.024800000000000183,0.9751999999999998,0.024800000000000183,0.0254306808859723
2023-07-21,2023-09-15,ok,443.0,442.0,4.66,4.46,452.18,443.37,0.15920000000000017,0.8407999999999998,0.15920000000000017,0.18934348239771673,0.11920000000000018,0.8807999999999998,0.11920000000000018,0.13533151680290667,0.19920000000000018,0.8007999999999998,0.19920000000000018,0.24875124875124902,-0.003199999999999814,1.0031999999999999,-0.003199999999999814,-0.0031897926634766893
2023-07-28,2023-09-15,ok,449.0,448.0,4.4,4.18,456.92,443.37,0.17920000000000064,0.8207999999999993,-0.8615999999999993,-1.0497076023391814,0.13920000000000066,0.8607999999999993,-0.9415999999999993,-1.0938661710037174,0.21920000000000064,0.7807999999999994,-0.7815999999999994,-1.0010245901639345,0.027600000000000652,0.9723999999999994,-1.1983999999999992,-1.23241464417935
2023-08-04,2023-09-15,ok,437.0,436.0,4.88,4.67,446.81,443.37,0.16919999999999996,0.8308,0.16919999999999996,0.20365912373615788,0.12919999999999998,0.8708,0.12919999999999998,0.1483693155718879,0.20919999999999997,0.7908000000000001,0.20919999999999997,0.2645422357106727,-0.0018000000000000238,1.0018,-0.0018000000000000238,-0.0017967658215212855
2023-08-11,2023-09-15,ok,438.0,437.0,4.24,4.01,445.65,443.37,0.18920000000000042,0.8107999999999995,0.18920000000000042,0.23334977799704062,0.14920000000000044,0.8507999999999996,0.14920000000000044,0.1753643629525159,0.22920000000000043,0.7707999999999996,0.22920000000000043,0.29735339906590624,0.04420000000000046,0.9557999999999995,0.04420000000000046,0.04624398409709195
2023-08-18,2023-09-15,ok,428.0,427.0,4.24,3.99,436.5,443.37,0.2092,0.7908,0.2092,0.26454223571067276,0.16920000000000002,0.8308,0.16920000000000002,0.20365912373615794,0.2492,0.7508,0.2492,0.3319126265316995,0.06459999999999999,0.9354,0.06459999999999999,0.06906136412230061
2023-08-25,2023-10-20,ok,430.0,429.0,5.82,5.59,439.97,421.19,0.18920000000000042,0.8107999999999995,-0.8515999999999995,-1.0503206709422792,0.14920000000000044,0.8507999999999996,-0.9315999999999995,-1.0949694405265633,0.22920000000000043,0.7707999999999996,-0.7715999999999996,-1.0010378827192528,-0.018999999999999573,1.0189999999999997,-1.3721999999999999,-1.3466143277723261
2023-09-01,2023-10-20,ok,443.0,442.0,4.57,4.34,451.19,421.19,0.18920000000000042,0.8107999999999995,-0.8515999999999995,-1.0503206709422792,0.14920000000000044,0.8507999999999996,-0.9315999999999995,-1.0949694405265633,0.22920000000000043,0.7707999999999996,-0.7715999999999996,-1.0010378827192528,0.031000000000000416,0.9689999999999996,-1.8421999999999998,-1.9011351909184733
2023-09-11,2023-10-20,ok,441.0,440.0,4.15,3.91,448.45,421.19,0.1992000000000002,0.8007999999999997,-0.8415999999999997,-1.050949050949051,0.15920000000000023,0.8407999999999998,-0.9215999999999998,-1.0960989533777354,0.23920000000000022,0.7607999999999998,-0.7615999999999998,-1.0010515247108307,0.05800000000000022,0.9419999999999997,-1.7351999999999999,-1.84203821656051
2023-09-18,2023-10-20,ok,436.0,435.0,3.23,3.02,443.63,421.19,0.16919999999999996,0.8308,-0.8715999999999999,-1.049109292248435,0.12919999999999998,0.8708,-0.9516,-1.0927882406982086,0.20919999999999997,0.7908000000000001,-0.7916000000000001,-1.0010116337885686,0.06419999999999998,0.9358,-1.5290000000000001,-1.6338961316520626
2023-09-25,2023-11-17,ok,422.0,421.0,5.47,5.24,432.23,450.79,0.18919999999999954,0.8108000000000004,0.18919999999999954,0.23334977799703926,0.14919999999999956,0.8508000000000004,0.14919999999999956,0.17536436295251467,0.22919999999999954,0.7708000000000005,0.22919999999999954,0.2973533990659048,-0.0050000000000004485,1.0050000000000003,-0.0050000000000004485,-0.004975124378109898
2023-10-02,2023-11-17,ok,417.0,416.0,5.17,4.93,427.31,450.79,0.1992000000000002,0.8007999999999997,0.1992000000000002,0.2487512487512491,0.15920000000000023,0.8407999999999998,0.15920000000000023,0.18934348239771678,0.23920000000000022,0.7607999999999998,0.23920000000000022,0.31440588853838103,0.017200000000000215,0.9827999999999998,0.017200000000000215,0.017501017501017724
2023-10-09,2023-11-17,ok,422.0,421.0,4.63,4.4,432.29,450.79,0.18919999999999954,0.8108000000000004,0.18919999999999954,0.23334977799703926,0.14919999999999956,0.8508000000000004,0.14919999999999956,0.17536436295251467,0.22919999999999954,0.7708000000000005,0.22919999999999954,0.2973533990659048,0.028599999999999542,0.9714000000000005,0.028599999999999542,0.02944204241301166
2023-10-16,2023-11-17,ok,427.0,426.0,4.07,3.86,436.04,450.79,0.1692000000000004,0.8307999999999995,0.1692000000000004,0.20365912373615852,0.12920000000000043,0.8707999999999996,0.12920000000000043,0.14836931557188848,0.2092000000000004,0.7907999999999996,0.2092000000000004,0.26454223571067337,0.030600000000000405,0.9693999999999996,0.030600000000000405,0.0315659170621007
2023-11-06,2023-12-15,ok,427.0,426.0,4.4,4.16,435.69,469.33,0.1992000000000002,0.8007999999999997,0.1992000000000002,0.2487512487512491,0.15920000000000023,0.8407999999999998,0.15920000000000023,0.18934348239771678,0.23920000000000022,0.7607999999999998,0.23920000000000022,0.31440588853838103,0.04800000000000021,0.9519999999999997,0.04800000000000021,0.05042016806722712
2023-11-13,2023-12-15,ok,432.0,431.0,3.72,3.49,440.19,469.33,0.18919999999999998,0.8108,0.18919999999999998,0.23334977799703996,0.1492,0.8508,0.1492,0.17536436295251528,0.2292,0.7708,0.2292,0.2973533990659055,0.065,0.935,0.065,0.06951871657754011
2023-11-20,2024-01-19,ok,445.0,444.0,4.86,4.62,454.26,482.43,0.1992000000000002,0.8007999999999997,0.1992000000000002,0.2487512487512491,0.15920000000000023,0.8407999999999998,0.15920000000000023,0.18934348239771678,0.23920000000000022,0.7607999999999998,0.23920000000000022,0.31440588853838103,0.02960000000000021,0.9703999999999998,0.02960000000000021,0.030502885408079366
2023-11-28,2024-01-19,ok,447.0,446.0,4.4,4.16,454.93,482.43,0.1992000000000002,0.8007999999999997,0.1992000000000002,0.2487512487512491,0.15920000000000023,0.8407999999999998,0.15920000000000023,0.18934348239771678,0.23920000000000022,0.7607999999999998,0.23920000000000022,0.31440588853838103,0.04800000000000021,0.9519999999999997,0.04800000000000021,0.05042016806722712
2023-12-05,2024-01-19,ok,449.0,448.0,4.37,4.11,456.6,482.43,0.21919999999999978,0.7808000000000002,0.21919999999999978,0.28073770491803246,0.1791999999999998,0.8208000000000002,0.1791999999999998,0.2183235867446391,0.25919999999999976,0.7408000000000002,0.25919999999999976,0.3498920086393084,0.06959999999999977,0.9304000000000002,0.06959999999999977,0.07480653482373147
2023-12-12,2024-01-19,ok,457.0,456.0,3.37,3.13,464.1,482.43,0.1992000000000002,0.8007999999999997,0.1992000000000002,0.2487512487512491,0.15920000000000023,0.8407999999999998,0.15920000000000023,0.18934348239771678,0.23920000000000022,0.7607999999999998,0.23920000000000022,0.31440588853838103,0.08920000000000022,0.9107999999999998,0.08920000000000022,0.09793588054457646
2023-12-19,2024-01-19,ok,468.0,467.0,2.87,2.65,474.84,482.43,0.1792000000000002,0.8207999999999998,0.1792000000000002,0.21832358674463967,0.1392000000000002,0.8607999999999998,0.1392000000000002,0.1617100371747215,0.2192000000000002,0.7807999999999998,0.2192000000000002,0.2807377049180331,0.08880000000000021,0.9111999999999998,0.08880000000000021,0.09745390693590894
2023-12-27,2024-02-16,ok,468.0,467.0,4.21,4.0,476.51,499.51,0.16919999999999996,0.8308,0.16919999999999996,0.20365912373615788,0.12919999999999998,0.8708,0.12919999999999998,0.1483693155718879,0.20919999999999997,0.7908000000000001,0.20919999999999997,0.2645422357106727,0.024999999999999967,0.9750000000000001,0.024999999999999967,0.025641025641025605
2024-01-04,2024-02-16,ok,459.0,458.0,4.36,4.13,467.28,499.51,0.18920000000000042,0.8107999999999995,0.18920000000000042,0.23334977799704062,0.14920000000000044,0.8507999999999996,0.14920000000000044,0.1753643629525159,0.22920000000000043,0.7707999999999996,0.22920000000000043,0.29735339906590624,0.039400000000000435,0.9605999999999996,0.039400000000000435,0.041016031646887836
2024-01-11,2024-02-16,ok,469.0,468.0,3.25,3.03,476.35,499.51,0.1792000000000002,0.8207999999999998,0.1792000000000002,0.21832358674463967,0.1392000000000002,0.8607999999999998,0.1392000000000002,0.1617100371747215,0.2192000000000002,0.7807999999999998,0.2192000000000002,0.2807377049180331,0.07360000000000022,0.9263999999999998,0.07360000000000022,0.07944732297063929
2024-01-19,2024-03-15,ok,473.0,472.0,4.69,4.47,482.43,509.67,0.17920000000000064,0.8207999999999993,0.17920000000000064,0.21832358674464034,0.13920000000000066,0.8607999999999993,0.13920000000000066,0.16171003717472207,0.21920000000000064,0.7807999999999994,0.21920000000000064,0.28073770491803385,0.016000000000000653,0.9839999999999993,0.016000000000000653,0.01626016260162669
2024-01-26,2024-03-15,ok,479.0,478.0,4.4,4.19,487.41,509.67,0.16919999999999996,0.8308,0.16919999999999996,0.20365912373615788,0.12919999999999998,0.8708,0.12919999999999998,0.1483693155718879,0.20919999999999997,0.7908000000000001,0.20919999999999997,0.2645422357106727,0.01739999999999997,0.9826,0.01739999999999997,0.01770812131080803
2024-02-02,2024-03-15,ok,485.0,484.0,4.04,3.83,494.35,509.67,0.16919999999999996,0.8308,0.16919999999999996,0.20365912373615788,0.12919999999999998,0.8708,0.12919999999999998,0.1483693155718879,0.20919999999999997,0.7908000000000001,0.20919999999999997,0.2645422357106727,0.031799999999999995,0.9682,0.031799999999999995,0.03284445362528403
2024-02-09,2024-03-15,ok,493.0,492.0,3.45,3.22,501.2,509.67,0.18919999999999998,0.8108,0.18919999999999998,0.23334977799703996,0.1492,0.8508,0.1492,0.17536436295251528,0.2292,0.7708,0.2292,0.2973533990659055,0.07579999999999998,0.9242,0.07579999999999998,0.0820168794633196
2024-02-16,2024-03-15,ok,491.0,490.0,3.46,3.23,499.51,509.67,0.18919999999999998,0.8108,0.18919999999999998,0.23334977799703996,0.1492,0.8508,0.1492,0.17536436295251528,0.2292,0.7708,0.2292,0.2973533990659055,0.0754,0.9246,0.0754,0.08154877784988103
2024-02-26,2024-04-19,ok,496.0,495.0,4.65,4.41,505.99,495.16,0.1992000000000002,0.8007999999999997,-0.6815999999999747,-0.8511488511488198,0.15920000000000023,0.8407999999999998,-0.7615999999999747,-0.905803996194071,0.23920000000000022,0.7607999999999998,-0.6015999999999748,-0.7907465825446569,0.0380000000000002,0.9619999999999997,-0.8395999999999743,-0.8727650727650462
2024-03-04,2024-04-19,ok,503.0,502.0,4.54,4.29,512.3,495.16,0.2092,0.7908,-0.8315999999999999,-1.0515933232169954,0.16920000000000002,0.8308,-0.9116,-1.0972556571978815,0.2492,0.7508,-0.7516,-1.0010655301012255,0.05260000000000001,0.9474,-1.2617999999999991,-1.331855604813172
2024-03-18,2024-04-19,ok,504.0,503.0,3.63,3.41,512.85,495.16,0.17919999999999975,0.8208000000000002,-0.8616000000000001,-1.0497076023391811,0.13919999999999977,0.8608000000000002,-0.9416000000000002,-1.0938661710037174,0.21919999999999976,0.7808000000000003,-0.7816000000000003,-1.0010245901639345,0.05839999999999976,0.9416000000000002,-1.2959999999999994,-1.3763806287170763
2024-03-25,2024-05-17,ok,510.0,509.0,4.64,4.42,519.77,529.5,0.17919999999999975,0.8208000000000002,0.17919999999999975,0.21832358674463903,0.13919999999999977,0.8608000000000002,0.13919999999999977,0.16171003717472088,0.21919999999999976,0.7808000000000003,0.21919999999999976,0.2807377049180324,0.017999999999999766,0.9820000000000002,0.017999999999999766,0.018329938900203423
2024-04-02,2024-05-17,ok,509.0,508.0,4.65,4.43,518.86,529.5,0.17920000000000064,0.8207999999999993,0.17920000000000064,0.21832358674464034,0.13920000000000066,0.8607999999999993,0.13920000000000066,0.16171003717472207,0.21920000000000064,0.7807999999999994,0.21920000000000064,0.28073770491803385,0.017600000000000643,0.9823999999999994,0.017600000000000643,0.01791530944625474
2024-04-09,2024-05-17,ok,509.0,508.0,4.19,3.98,519.28,529.5,0.1692000000000004,0.8307999999999995,0.1692000000000004,0.20365912373615852,0.12920000000000043,0.8707999999999996,0.12920000000000043,0.14836931557188848,0.2092000000000004,0.7907999999999996,0.2092000000000004,0.26454223571067337,0.025800000000000406,0.9741999999999996,0.025800000000000406,0.026483268322726766
2024-04-16,2024-05-17,ok,492.0,491.0,4.92,4.7,503.46,529.5,0.17919999999999975,0.8208000000000002,0.17919999999999975,0.21832358674463903,0.13919999999999977,0.8608000000000002,0.13919999999999977,0.16171003717472088,0.21919999999999976,0.7808000000000003,0.21919999999999976,0.2807377049180324,0.006799999999999751,0.9932000000000003,0.006799999999999751,0.006846556584776227
2024-04-23,2024-06-21,ok,494.0,493.0,5.98,5.74,505.62,544.09,0.1992000000000002,0.8007999999999997,0.1992000000000002,0.2487512487512491,0.15920000000000023,0.8407999999999998,0.15920000000000023,0.18934348239771678,0.23920000000000022,0.7607999999999998,0.23920000000000022,0.31440588853838103,-0.015199999999999825,1.0151999999999999,-0.015199999999999825,-0.014972419227738206
2024-04-30,2024-06-21,ok,491.0,490.0,5.76,5.53,501.98,544.09,0.18919999999999954,0.8108000000000004,0.18919999999999954,0.23334977799703926,0.14919999999999956,0.8508000000000004,0.14919999999999956,0.17536436295251467,0.22919999999999954,0.7708000000000005,0.22919999999999954,0.2973533990659048,-0.016600000000000475,1.0166000000000004,-0.016600000000000475,-0.016328939602597355
2024-05-07,2024-06-21,ok,508.0,507.0,4.64,4.4,517.19,544.09,0.19919999999999932,0.8008000000000006,0.19919999999999932,0.2487512487512477,0.15919999999999934,0.8408000000000007,0.15919999999999934,0.18934348239771553,0.23919999999999933,0.7608000000000007,0.23919999999999933,0.3144058885383795,0.038399999999999324,0.9616000000000007,0.038399999999999324,0.03993344425956666
2024-05-14,2024-06-21,ok,514.0,513.0,4.01,3.77,523.29,544.09,0.19919999999999977,0.8008000000000002,0.19919999999999977,0.2487512487512484,0.1591999999999998,0.8408000000000002,0.1591999999999998,0.18934348239771615,0.23919999999999977,0.7608000000000003,0.23919999999999977,0.31440588853838025,0.06359999999999977,0.9364000000000002,0.06359999999999977,0.0679196924391283
2024-05-21,2024-06-21,ok,524.0,523.0,3.33,3.1,531.36,544.09,0.18919999999999998,0.8108,0.18919999999999998,0.23334977799703996,0.1492,0.8508,0.1492,0.17536436295251528,0.2292,0.7708,0.2292,0.2973533990659055,0.08059999999999998,0.9194,0.08059999999999998,0.08766586904502935
2024-05-29,2024-07-19,ok,516.0,515.0,5.31,5.08,526.18,548.99,0.18919999999999954,0.8108000000000004,0.18919999999999954,0.23334977799703926,0.14919999999999956,0.8508000000000004,0.14919999999999956,0.17536436295251467,0.22919999999999954,0.7708000000000005,0.22919999999999954,0.2973533990659048,0.0013999999999995683,0.9986000000000004,0.0013999999999995683,0.001401962747846553
2024-06-05,2024-07-19,ok,526.0,525.0,4.71,4.45,534.63,548.99,0.21919999999999978,0.7808000000000002,0.21919999999999978,0.28073770491803246,0.1791999999999998,0.8208000000000002,0.1791999999999998,0.2183235867446391,0.25919999999999976,0.7408000000000002,0.25919999999999976,0.3498920086393084,0.05599999999999977,0.9440000000000002,0.05599999999999977,0.05932203389830483
2024-06-12,2024-07-19,ok,533.0,532.0,3.64,3.4,541.34,548.99,0.1992000000000002,0.8007999999999997,0.1992000000000002,0.2487512487512491,0.15920000000000023,0.8407999999999998,0.15920000000000023,0.18934348239771678,0.23920000000000022,0.7607999999999998,0.23920000000000022,0.31440588853838103,0.07840000000000022,0.9215999999999998,0.07840000000000022,0.08506944444444471
2024-06-27,2024-08-16,ok,537.0,536.0,4.52,4.3,546.42,554.31,0.17919999999999975,0.8208000000000002,0.17919999999999975,0.21832358674463903,0.13919999999999977,0.8608000000000002,0.13919999999999977,0.16171003717472088,0.21919999999999976,0.7808000000000003,0.21919999999999976,0.2807377049180324,0.022799999999999765,0.9772000000000003,0.022799999999999765,0.023331968890707898
2024-07-05,2024-08-16,ok,546.0,545.0,4.15,3.93,554.67,554.31,0.1792000000000002,0.8207999999999998,0.1792000000000002,0.21832358674463967,0.1392000000000002,0.8607999999999998,0.1392000000000002,0.1617100371747215,0.2192000000000002,0.7807999999999998,0.2192000000000002,0.2807377049180331,0.03760000000000019,0.9623999999999998,0.03760000000000019,0.03906899418121384
2024-07-12,2024-08-16,ok,551.0,550.0,3.44,3.24,559.9,554.31,0.15919999999999973,0.8408000000000002,0.15919999999999973,0.1893434823977161,0.11919999999999974,0.8808000000000002,0.11919999999999974,0.13533151680290612,0.19919999999999974,0.8008000000000003,0.19919999999999974,0.24875124875124832,0.04559999999999975,0.9544000000000002,0.04559999999999975,0.04777870913663007
2024-07-19,2024-08-16,ok,539.0,538.0,4.53,4.3,548.99,554.31,0.18920000000000042,0.8107999999999995,0.18920000000000042,0.23334977799704062,0.14920000000000044,0.8507999999999996,0.14920000000000044,0.1753643629525159,0.22920000000000043,0.7707999999999996,0.22920000000000043,0.29735339906590624,0.03260000000000046,0.9673999999999996,0.03260000000000046,0.03369857349596907
2024-07-26,2024-09-20,ok,531.0,530.0,6.53,6.31,544.44,568.25,0.17920000000000064,0.8207999999999993,0.17920000000000064,0.21832358674464034,0.13920000000000066,0.8607999999999993,0.13920000000000066,0.16171003717472207,0.21920000000000064,0.7807999999999994,0.21920000000000064,0.28073770491803385,-0.05759999999999943,1.0575999999999994,-0.05759999999999943,-0.054462934947049416
2024-08-02,2024-09-20,ok,515.0,514.0,8.44,8.22,532.9,568.25,0.17919999999999886,0.8208000000000011,0.17919999999999886,0.2183235867446377,0.13919999999999888,0.8608000000000011,0.13919999999999888,0.16171003717471968,0.21919999999999887,0.7808000000000012,0.21919999999999887,0.2807377049180309,-0.13400000000000123,1.1340000000000012,-0.13400000000000123,-0.11816578483245245
2024-08-09,2024-09-20,ok,518.0,517.0,6.83,6.6,532.99,568.25,0.18920000000000042,0.8107999999999995,0.18920000000000042,0.23334977799704062,0.14920000000000044,0.8507999999999996,0.14920000000000044,0.1753643629525159,0.22920000000000043,0.7707999999999996,0.22920000000000043,0.29735339906590624,-0.05939999999999962,1.0593999999999997,-0.05939999999999962,-0.05606947328676575
2024-08-16,2024-09-20,ok,544.0,543.0,4.75,4.53,554.31,568.25,0.17919999999999975,0.8208000000000002,0.17919999999999975,0.21832358674463903,0.13919999999999977,0.8608000000000002,0.13919999999999977,0.16171003717472088,0.21919999999999976,0.7808000000000003,0.21919999999999976,0.2807377049180324,0.013599999999999779,0.9864000000000002,0.013599999999999779,0.013787510137874876
2024-08-23,2024-10-18,ok,549.0,548.0,6.41,6.21,562.13,584.59,0.15920000000000017,0.8407999999999998,0.15920000000000017,0.18934348239771673,0.11920000000000018,0.8807999999999998,0.11920000000000018,0.13533151680290667,0.19920000000000018,0.8007999999999998,0.19920000000000018,0.24875124875124902,-0.07319999999999988,1.0732,-0.07319999999999988,-0.06820723071188957
2024-08-30,2024-10-18,ok,552.0,551.0,5.88,5.67,563.68,584.59,0.16919999999999996,0.8308,0.16919999999999996,0.20365912373615788,0.12919999999999998,0.8708,0.12919999999999998,0.1483693155718879,0.20919999999999997,0.7908000000000001,0.20919999999999997,0.2645422357106727,-0.04180000000000006,1.0418,-0.04180000000000006,-0.04012286427337306
2024-09-09,2024-10-18,ok,532.0,531.0,6.57,6.34,546.41,584.59,0.18920000000000042,0.8107999999999995,0.18920000000000042,0.23334977799704062,0.14920000000000044,0.8507999999999996,0.14920000000000044,0.1753643629525159,0.22920000000000043,0.7707999999999996,0.22920000000000043,0.29735339906590624,-0.0489999999999996,1.0489999999999995,-0.0489999999999996,-0.04671115347950393
2024-09-16,2024-10-18,ok,551.0,550.0,5.38,5.15,562.84,584.59,0.18919999999999954,0.8108000000000004,0.18919999999999954,0.23334977799703926,0.14919999999999956,0.8508000000000004,0.14919999999999956,0.17536436295251467,0.22919999999999954,0.7708000000000005,0.22919999999999954,0.2973533990659048,-0.0014000000000004564,1.0014000000000005,-0.0014000000000004564,-0.0013980427401642259
2024-09-23,2024-11-15,ok,557.0,556.0,7.24,7.02,569.67,585.75,0.17920000000000064,0.8207999999999993,0.17920000000000064,0.21832358674464034,0.13920000000000066,0.8607999999999993,0.13920000000000066,0.16171003717472207,0.21920000000000064,0.7807999999999994,0.21920000000000064,0.28073770491803385,-0.08599999999999941,1.0859999999999994,-0.08599999999999941,-0.07918968692449306
2024-09-30,2024-11-15,ok,560.0,559.0,7.19,6.96,573.76,585.75,0.18920000000000042,0.8107999999999995,0.18920000000000042,0.23334977799704062,0.14920000000000044,0.8507999999999996,0.14920000000000044,0.1753643629525159,0.22920000000000043,0.7707999999999996,0.22920000000000043,0.29735339906590624,-0.07379999999999964,1.0737999999999996,-0.07379999999999964,-0.06872788228720401
2024-10-07,2024-11-15,ok,551.0,550.0,7.35,7.15,567.8,585.75,0.1591999999999993,0.8408000000000007,0.1591999999999993,0.18934348239771545,0.11919999999999929,0.8808000000000007,0.11919999999999929,0.13533151680290553,0.1991999999999993,0.8008000000000007,0.1991999999999993,0.24875124875124766,-0.11080000000000079,1.1108000000000007,-0.11080000000000079,-0.09974792942023832
2024-10-14,2024-11-15,ok,570.0,569.0,5.61,5.41,584.32,585.75,0.15920000000000017,0.8407999999999998,0.15920000000000017,0.18934348239771673,0.11920000000000018,0.8807999999999998,0.11920000000000018,0.13533151680290667,0.19920000000000018,0.8007999999999998,0.19920000000000018,0.24875124875124902,-0.04119999999999982,1.0412,-0.04119999999999982,-0.03956972723780237
2024-10-21,2024-12-20,ok,567.0,566.0,7.52,7.32,583.63,591.15,0.1591999999999993,0.8408000000000007,0.1591999999999993,0.18934348239771545,0.11919999999999929,0.8808000000000007,0.11919999999999929,0.13533151680290553,0.1991999999999993,0.8008000000000007,0.1991999999999993,0.24875124875124766,-0.11760000000000076,1.1176000000000008,-0.11760000000000076,-0.10522548317823968
2024-10-28,2024-12-20,ok,564.0,563.0,7.79,7.59,580.83,591.15,0.15920000000000017,0.8407999999999998,0.15920000000000017,0.18934348239771673,0.11920000000000018,0.8807999999999998,0.11920000000000018,0.13533151680290667,0.19920000000000018,0.8007999999999998,0.19920000000000018,0.24875124875124902,-0.12839999999999985,1.1283999999999998,-0.12839999999999985,-0.11378943637008142
2024-11-04,2024-12-20,ok,552.0,551.0,7.61,7.4,569.81,591.15,0.16919999999999996,0.8308,0.16919999999999996,0.20365912373615788,0.12919999999999998,0.8708,0.12919999999999998,0.1483693155718879,0.20919999999999997,0.7908000000000001,0.20919999999999997,0.2645422357106727,-0.1110000000000001,1.1110000000000002,-0.1110000000000001,-0.09990999099909997
2024-11-11,2024-12-20,ok,587.0,586.0,5.23,5.02,598.76,591.15,0.16920000000000085,0.8307999999999991,0.16920000000000085,0.20365912373615916,0.12920000000000087,0.8707999999999991,0.12920000000000087,0.14836931557188907,0.20920000000000086,0.7907999999999992,0.20920000000000086,0.2645422357106741,-0.015799999999999148,1.0157999999999991,-0.015799999999999148,-0.015554242961212012
2024-11-18,2024-12-20,ok,577.0,576.0,5.02,4.8,588.15,591.15,0.17919999999999975,0.8208000000000002,0.17919999999999975,0.21832358674463903,0.13919999999999977,0.8608000000000002,0.13919999999999977,0.16171003717472088,0.21919999999999976,0.7808000000000003,0.21919999999999976,0.2807377049180324,0.002799999999999775,0.9972000000000002,0.002799999999999775,0.0028078620136379605
2024-11-25,2025-01-17,ok,585.0,584.0,5.75,5.56,597.53,597.58,0.1492000000000004,0.8507999999999996,0.1492000000000004,0.17536436295251584,0.1092000000000004,0.8907999999999996,0.1092000000000004,0.12258643915581549,0.1892000000000004,0.8107999999999996,0.1892000000000004,0.23334977799704054,-0.05699999999999961,1.0569999999999995,-0.05699999999999961,-0.05392620624408669
2024-12-03,2025-01-17,ok,593.0,592.0,4.9,4.7,603.91,597.58,0.15920000000000017,0.8407999999999998,0.15920000000000017,0.18934348239771673,0.11920000000000018,0.8807999999999998,0.11920000000000018,0.13533151680290667,0.19920000000000018,0.8007999999999998,0.19920000000000018,0.24875124875124902,-0.012799999999999812,1.0128,-0.012799999999999812,-0.012638230647709135
2024-12-10,2025-01-17,ok,592.0,591.0,4.65,4.46,602.8,597.58,0.1492000000000004,0.8507999999999996,0.1492000000000004,0.17536436295251584,0.1092000000000004,0.8907999999999996,0.1092000000000004,0.12258643915581549,0.1892000000000004,0.8107999999999996,0.1892000000000004,0.23334977799704054,-0.012999999999999623,1.0129999999999997,-0.012999999999999623,-0.012833168805527767
2024-12-17,2025-01-17,ok,593.0,592.0,4.64,4.45,604.29,597.58,0.1491999999999995,0.8508000000000004,0.1491999999999995,0.1753643629525146,0.1091999999999995,0.8908000000000005,0.1091999999999995,0.12258643915581438,0.1891999999999995,0.8108000000000005,0.1891999999999995,0.2333497779970392,-0.0126000000000005,1.0126000000000004,-0.0126000000000005,-0.01244321548489087
2024-12-24,2025-02-21,ok,589.0,588.0,6.4,6.21,601.3,599.94,0.1492000000000004,0.8507999999999996,0.1492000000000004,0.17536436295251584,0.1092000000000004,0.8907999999999996,0.1092000000000004,0.12258643915581549,0.1892000000000004,0.8107999999999996,0.1892000000000004,0.23334977799704054,-0.08299999999999963,1.0829999999999997,-0.08299999999999963,-0.0766389658356414
2025-01-02,2025-02-21,ok,569.0,568.0,6.43,6.23,584.64,599.94,0.1591999999999993,0.8408000000000007,0.1591999999999993,0.18934348239771545,0.11919999999999929,0.8808000000000007,0.11919999999999929,0.13533151680290553,0.1991999999999993,0.8008000000000007,0.1991999999999993,0.24875124875124766,-0.07400000000000073,1.0740000000000007,-0.07400000000000073,-0.06890130353817568
2025-01-10,2025-02-21,ok,564.0,563.0,6.35,6.14,580.49,599.94,0.16919999999999996,0.8308,0.16919999999999996,0.20365912373615788,0.12919999999999998,0.8708,0.12919999999999998,0.1483693155718879,0.20919999999999997,0.7908000000000001,0.20919999999999997,0.2645422357106727,-0.0606000000000001,1.0606,-0.0606000000000001,-0.05713746935696785
2025-01-17,2025-02-21,ok,585.0,584.0,4.84,4.63,597.58,599.94,0.16919999999999996,0.8308,0.16919999999999996,0.20365912373615788,0.12919999999999998,0.8708,0.12919999999999998,0.1483693155718879,0.20919999999999997,0.7908000000000001,0.20919999999999997,0.2645422357106727,-0.00020000000000003348,1.0002,-0.00020000000000003348,-0.00019996000799843381
2025-01-27,2025-03-21,ok,583.0,582.0,6.85,6.65,599.37,563.98,0.1591999999999993,0.8408000000000007,-0.8816000000000006,-1.0485252140818266,0.11919999999999929,0.8808000000000007,-0.9616000000000007,-1.0917347865576748,0.1991999999999993,0.8008000000000007,-0.8016000000000008,-1.000999000999001,-0.09080000000000077,1.0908000000000007,-1.8524,-1.6982031536486972
2025-02-03,2025-03-21,ok,582.0,581.0,7.0,6.79,597.77,563.98,0.16919999999999996,0.8308,-0.8715999999999999,-1.049109292248435,0.12919999999999998,0.8708,-0.9516,-1.0927882406982086,0.20919999999999997,0.7908000000000001,-0.7916000000000001,-1.0010116337885686,-0.08660000000000012,1.0866000000000002,-1.8081999999999996,-1.6640898214614386
2025-02-10,2025-03-21,ok,592.0,591.0,5.69,5.48,604.85,563.98,0.16919999999999996,0.8308,-0.8715999999999999,-1.049109292248435,0.12919999999999998,0.8708,-0.9516,-1.0927882406982086,0.20919999999999997,0.7908000000000001,-0.7916000000000001,-1.0010116337885686,-0.034200000000000064,1.0342,-2.1557999999999993,-2.0845097660027068
2025-02-18,2025-04-17,ok,597.0,596.0,6.84,6.63,611.49,526.41,0.16919999999999996,0.8308,-0.8715999999999999,-1.049109292248435,0.12919999999999998,0.8708,-0.9516,-1.0927882406982086,0.20919999999999997,0.7908000000000001,-0.7916000000000001,-1.0010116337885686,-0.08020000000000005,1.0802,-3.904600000000001,-3.61470098129976
2025-02-25,2025-04-17,ok,577.0,576.0,7.43,7.24,594.24,526.41,0.1491999999999995,0.8508000000000004,-0.8916000000000004,-1.0479548660084625,0.1091999999999995,0.8908000000000005,-0.9716000000000005,-1.0907049842837897,0.1891999999999995,0.8108000000000005,-0.8116000000000005,-1.0009866798223976,-0.12420000000000053,1.1242000000000005,-3.148600000000002,-2.800747198007472
2025-03-04,2025-04-17,ok,557.0,556.0,7.82,7.61,576.86,526.41,0.16919999999999996,0.8308,-0.8715999999999999,-1.049109292248435,0.12919999999999998,0.8708,-0.9516,-1.0927882406982086,0.20919999999999997,0.7908000000000001,-0.7916000000000001,-1.0010116337885686,-0.11940000000000006,1.1194000000000002,-2.3438000000000017,-2.0938002501340014
2025-03-25,2025-05-16,ok,560.0,559.0,7.08,6.85,575.46,594.2,0.18920000000000042,0.8107999999999995,0.18920000000000042,0.23334977799704062,0.14920000000000044,0.8507999999999996,0.14920000000000044,0.1753643629525159,0.22920000000000043,0.7707999999999996,0.22920000000000043,0.29735339906590624,-0.06939999999999957,1.0693999999999995,-0.06939999999999957,-0.06489620347858575
2025-05-14,2025-06-20,ok,573.0,572.0,6.51,6.3,587.59,594.28,0.16919999999999996,0.8308,0.16919999999999996,0.20365912373615788,0.12919999999999998,0.8708,0.12919999999999998,0.1483693155718879,0.20919999999999997,0.7908000000000001,0.20919999999999997,0.2645422357106727,-0.06700000000000006,1.0670000000000002,-0.06700000000000006,-0.06279287722586696
2025-05-21,2025-07-18,ok,563.0,562.0,9.82,9.6,582.86,627.58,0.17920000000000064,0.8207999999999993,0.17920000000000064,0.21832358674464034,0.13920000000000066,0.8607999999999993,0.13920000000000066,0.16171003717472207,0.21920000000000064,0.7807999999999994,0.21920000000000064,0.28073770491803385,-0.18919999999999942,1.1891999999999994,-0.18919999999999942,-0.15909855364951186
2025-05-29,2025-07-18,ok,573.0,572.0,8.57,8.35,590.05,627.58,0.17920000000000064,0.8207999999999993,0.17920000000000064,0.21832358674464034,0.13920000000000066,0.8607999999999993,0.13920000000000066,0.16171003717472207,0.21920000000000064,0.7807999999999994,0.21920000000000064,0.28073770491803385,-0.13919999999999944,1.1391999999999993,-0.13919999999999944,-0.12219101123595463
2025-06-05,2025-07-18,ok,577.0,576.0,7.4,7.19,593.05,627.58,0.16919999999999996,0.8308,0.16919999999999996,0.20365912373615788,0.12919999999999998,0.8708,0.12919999999999998,0.1483693155718879,0.20919999999999997,0.7908000000000001,0.20919999999999997,0.2645422357106727,-0.10260000000000014,1.1026000000000002,-0.10260000000000014,-0.09305278432795222
2025-06-12,2025-07-18,ok,589.0,588.0,6.51,6.3,603.75,627.58,0.16919999999999996,0.8308,0.16919999999999996,0.20365912373615788,0.12919999999999998,0.8708,0.12919999999999998,0.1483693155718879,0.20919999999999997,0.7908000000000001,0.20919999999999997,0.2645422357106727,-0.06700000000000006,1.0670000000000002,-0.06700000000000006,-0.06279287722586696
2025-06-20,2025-08-15,ok,575.0,574.0,8.98,8.78,594.28,643.44,0.15920000000000106,0.8407999999999989,0.15920000000000106,0.18934348239771798,0.11920000000000107,0.8807999999999989,0.11920000000000107,0.13533151680290784,0.19920000000000107,0.800799999999999,0.19920000000000107,0.2487512487512504,-0.17599999999999894,1.1759999999999988,-0.17599999999999894,-0.14965986394557748
2025-07-14,2025-08-15,ok,611.0,610.0,5.64,5.44,624.81,643.44,0.1591999999999993,0.8408000000000007,0.1591999999999993,0.18934348239771545,0.11919999999999929,0.8808000000000007,0.11919999999999929,0.13533151680290553,0.1991999999999993,0.8008000000000007,0.1991999999999993,0.24875124875124766,-0.042400000000000715,1.0424000000000007,-0.042400000000000715,-0.04067536454336213
2025-07-28,2025-09-19,ok,622.0,621.0,7.02,6.82,636.94,663.7,0.1591999999999993,0.8408000000000007,0.1591999999999993,0.18934348239771545,0.11919999999999929,0.8808000000000007,0.11919999999999929,0.13533151680290553,0.1991999999999993,0.8008000000000007,0.1991999999999993,0.24875124875124766,-0.0976000000000008,1.0976000000000008,-0.0976000000000008,-0.08892128279883448
2025-08-04,2025-09-19,ok,615.0,614.0,7.09,6.9,631.17,663.7,0.1491999999999995,0.8508000000000004,0.1491999999999995,0.1753643629525146,0.1091999999999995,0.8908000000000005,0.1091999999999995,0.12258643915581438,0.1891999999999995,0.8108000000000005,0.1891999999999995,0.2333497779970392,-0.11060000000000059,1.1106000000000007,-0.11060000000000059,-0.09958580947235775
2025-08-11,2025-09-19,ok,622.0,621.0,6.36,6.16,635.92,663.7,0.15920000000000017,0.8407999999999998,0.15920000000000017,0.18934348239771673,0.11920000000000018,0.8807999999999998,0.11920000000000018,0.13533151680290667,0.19920000000000018,0.8007999999999998,0.19920000000000018,0.24875124875124902,-0.07119999999999987,1.0712,-0.07119999999999987,-0.0664675130694547
2025-08-18,2025-09-19,ok,631.0,630.0,5.1,4.91,643.3,663.7,0.1491999999999995,0.8508000000000004,0.1491999999999995,0.1753643629525146,0.1091999999999995,0.8908000000000005,0.1091999999999995,0.12258643915581438,0.1891999999999995,0.8108000000000005,0.1891999999999995,0.2333497779970392,-0.03100000000000047,1.0310000000000006,-0.03100000000000047,-0.030067895247333127
2025-09-02,2025-10-17,ok,624.0,623.0,6.93,6.74,640.27,664.39,0.1491999999999995,0.8508000000000004,0.1491999999999995,0.1753643629525146,0.1091999999999995,0.8908000000000005,0.1091999999999995,0.12258643915581438,0.1891999999999995,0.8108000000000005,0.1891999999999995,0.2333497779970392,-0.10420000000000051,1.1042000000000005,-0.10420000000000051,-0.09436696250679268
2025-09-09,2025-10-17,ok,637.0,636.0,5.85,5.66,650.33,664.39,0.1491999999999995,0.8508000000000004,0.1491999999999995,0.1753643629525146,0.1091999999999995,0.8908000000000005,0.1091999999999995,0.12258643915581438,0.1891999999999995,0.8108000000000005,0.1891999999999995,0.2333497779970392,-0.0610000000000005,1.0610000000000004,-0.0610000000000005,-0.057492931196984426
2025-09-16,2025-10-17,ok,647.0,646.0,5.69,5.48,660.0,664.39,0.16919999999999996,0.8308,0.16919999999999996,0.20365912373615788,0.12919999999999998,0.8708,0.12919999999999998,0.1483693155718879,0.20919999999999997,0.7908000000000001,0.20919999999999997,0.2645422357106727,-0.034200000000000064,1.0342,-0.034200000000000064,-0.0330690388706247
2025-09-23,2025-11-21,ok,646.0,645.0,8.79,8.58,663.21,659.03,0.16919999999999907,0.8308000000000009,0.16919999999999907,0.20365912373615658,0.1291999999999991,0.8708000000000009,0.1291999999999991,0.14836931557188673,0.20919999999999908,0.790800000000001,0.20919999999999908,0.26454223571067126,-0.15820000000000095,1.158200000000001,-0.15820000000000095,-0.1365912623035752
2025-09-30,2025-11-21,ok,650.0,649.0,8.02,7.81,666.18,659.03,0.16919999999999996,0.8308,0.16919999999999996,0.20365912373615788,0.12919999999999998,0.8708,0.12919999999999998,0.1483693155718879,0.20919999999999997,0.7908000000000001,0.20919999999999997,0.2645422357106727,-0.12740000000000007,1.1274000000000002,-0.12740000000000007,-0.11300337058719181
2025-10-07,2025-11-21,ok,652.0,651.0,7.22,7.03,669.12,659.03,0.1491999999999995,0.8508000000000004,0.1491999999999995,0.1753643629525146,0.1091999999999995,0.8908000000000005,0.1091999999999995,0.12258643915581438,0.1891999999999995,0.8108000000000005,0.1891999999999995,0.2333497779970392,-0.11580000000000057,1.1158000000000006,-0.11580000000000057,-0.1037820397920779
2025-10-14,2025-11-21,ok,644.0,643.0,8.15,7.95,662.23,659.03,0.15920000000000017,0.8407999999999998,0.15920000000000017,0.18934348239771673,0.11920000000000018,0.8807999999999998,0.11920000000000018,0.13533151680290667,0.19920000000000018,0.8007999999999998,0.19920000000000018,0.24875124875124902,-0.14279999999999987,1.1427999999999998,-0.14279999999999987,-0.12495624781239052
2025-10-21,2025-11-21,ok,656.0,655.0,6.19,6.0,671.29,659.03,0.1492000000000004,0.8507999999999996,0.1492000000000004,0.17536436295251584,0.1092000000000004,0.8907999999999996,0.1092000000000004,0.12258643915581549,0.1892000000000004,0.8107999999999996,0.1892000000000004,0.23334977799704054,-0.07459999999999967,1.0745999999999998,-0.07459999999999967,-0.0694211799739435
2025-10-28,2025-12-19,ok,670.0,669.0,8.77,8.55,687.06,680.59,0.17919999999999886,0.8208000000000011,0.17919999999999886,0.2183235867446377,0.13919999999999888,0.8608000000000011,0.13919999999999888,0.16171003717471968,0.21919999999999887,0.7808000000000012,0.21919999999999887,0.2807377049180309,-0.14720000000000122,1.147200000000001,-0.14720000000000122,-0.12831241283124223
2025-11-04,2025-12-19,ok,657.0,656.0,9.02,8.8,675.24,680.59,0.17919999999999886,0.8208000000000011,0.17919999999999886,0.2183235867446377,0.13919999999999888,0.8608000000000011,0.13919999999999888,0.16171003717471968,0.21919999999999887,0.7808000000000012,0.21919999999999887,0.2807377049180309,-0.15720000000000123,1.1572000000000013,-0.15720000000000123,-0.13584514344970708
2025-11-11,2025-12-19,ok,667.0,666.0,7.17,6.96,683.0,680.59,0.16919999999999996,0.8308,0.16919999999999996,0.20365912373615788,0.12919999999999998,0.8708,0.12919999999999998,0.1483693155718879,0.20919999999999997,0.7908000000000001,0.20919999999999997,0.2645422357106727,-0.09340000000000004,1.0934,-0.09340000000000004,-0.08542162063288827
2025-11-18,2025-12-19,ok,640.0,639.0,9.13,8.92,660.08,680.59,0.16920000000000085,0.8307999999999991,0.16920000000000085,0.20365912373615916,0.12920000000000087,0.8707999999999991,0.12920000000000087,0.14836931557188907,0.20920000000000086,0.7907999999999992,0.20920000000000086,0.2645422357106741,-0.17179999999999918,1.1717999999999993,-0.17179999999999918,-0.14661204983785567
2025-12-10,2026-01-16,ok,673.0,672.0,6.63,6.41,687.57,691.66,0.17919999999999975,0.8208000000000002,0.17919999999999975,0.21832358674463903,0.13919999999999977,0.8608000000000002,0.13919999999999977,0.16171003717472088,0.21919999999999976,0.7808000000000003,0.21919999999999976,0.2807377049180324,-0.06160000000000032,1.0616000000000003,-0.06160000000000032,-0.05802562170308996
2025-12-17,2026-01-16,ok,657.0,656.0,6.1,5.89,671.4,691.66,0.16919999999999996,0.8308,0.16919999999999996,0.20365912373615788,0.12919999999999998,0.8708,0.12919999999999998,0.1483693155718879,0.20919999999999997,0.7908000000000001,0.20919999999999997,0.2645422357106727,-0.05060000000000009,1.0506000000000002,-0.05060000000000009,-0.0481629545021893
2026-01-09,2026-02-20,ok,680.0,679.0,6.25,6.05,694.07,689.43,0.15920000000000017,0.8407999999999998,0.15920000000000017,0.18934348239771673,0.11920000000000018,0.8807999999999998,0.11920000000000018,0.13533151680290667,0.19920000000000018,0.8007999999999998,0.19920000000000018,0.24875124875124902,-0.06679999999999986,1.0667999999999997,-0.06679999999999986,-0.0626171728533932
2026-01-16,2026-02-20,ok,677.0,676.0,6.02,5.83,691.66,689.43,0.1491999999999995,0.8508000000000004,0.1491999999999995,0.1753643629525146,0.1091999999999995,0.8908000000000005,0.1091999999999995,0.12258643915581438,0.1891999999999995,0.8108000000000005,0.1891999999999995,0.2333497779970392,-0.06780000000000053,1.0678000000000005,-0.06780000000000053,-0.06349503652369404
2026-01-26,2026-03-20,ok,675.0,674.0,8.63,8.42,692.73,648.57,0.16920000000000085,0.8307999999999991,-0.871599999999999,-1.0491092922484353,0.12920000000000087,0.8707999999999991,-0.9515999999999991,-1.0927882406982086,0.20920000000000086,0.7907999999999992,-0.7915999999999992,-1.0010116337885686,-0.1517999999999992,1.1517999999999993,-2.2097999999999973,-1.9185622503906916
2026-02-02,2026-03-20,ok,679.0,678.0,8.19,7.99,695.41,648.57,0.1591999999999993,0.8408000000000007,-0.8816000000000006,-1.0485252140818266,0.11919999999999929,0.8808000000000007,-0.9616000000000007,-1.0917347865576748,0.1991999999999993,0.8008000000000007,-0.8016000000000008,-1.000999000999001,-0.14440000000000075,1.1444000000000007,-2.3623999999999987,-2.064313177210763
2026-02-09,2026-03-20,ok,677.0,676.0,7.65,7.45,693.95,648.57,0.15920000000000017,0.8407999999999998,-0.8815999999999997,-1.0485252140818269,0.11920000000000018,0.8807999999999998,-0.9615999999999998,-1.0917347865576748,0.19920000000000018,0.8007999999999998,-0.8015999999999999,-1.000999000999001,-0.12279999999999985,1.1227999999999998,-2.260799999999998,-2.013537584609902
2026-02-17,2026-03-20,ok,665.0,664.0,7.96,7.75,682.85,648.57,0.16919999999999996,0.8308,-0.8715999999999999,-1.049109292248435,0.12919999999999998,0.8708,-0.9516,-1.0927882406982086,0.20919999999999997,0.7908000000000001,-0.7916000000000001,-1.0010116337885686,-0.1250000000000001,1.125,-1.7829999999999981,-1.5848888888888872
2026-02-24,2026-04-17,ok,666.0,665.0,10.03,9.82,687.35,710.14,0.16919999999999907,0.8308000000000009,0.16919999999999907,0.20365912373615658,0.1291999999999991,0.8708000000000009,0.1291999999999991,0.14836931557188673,0.20919999999999908,0.790800000000001,0.20919999999999908,0.26454223571067126,-0.20780000000000098,1.207800000000001,-0.20780000000000098,-0.17204835237622187
2026-03-03,2026-04-17,ok,657.0,656.0,10.6,10.39,680.33,710.14,0.16919999999999907,0.8308000000000009,0.16919999999999907,0.20365912373615658,0.1291999999999991,0.8708000000000009,0.1291999999999991,0.14836931557188673,0.20919999999999908,0.790800000000001,0.20919999999999908,0.26454223571067126,-0.23060000000000097,1.230600000000001,-0.23060000000000097,-0.18738826588656005
2026-03-10,2026-04-17,ok,654.0,653.0,10.09,9.88,677.18,710.14,0.16919999999999907,0.8308000000000009,0.16919999999999907,0.20365912373615658,0.1291999999999991,0.8708000000000009,0.1291999999999991,0.14836931557188673,0.20919999999999908,0.790800000000001,0.20919999999999908,0.26454223571067126,-0.210200000000001,1.210200000000001,-0.210200000000001,-0.17369029912411238
2026-03-17,2026-04-17,ok,652.0,651.0,8.67,8.45,670.79,710.14,0.17920000000000064,0.8207999999999993,0.17920000000000064,0.21832358674464034,0.13920000000000066,0.8607999999999993,0.13920000000000066,0.16171003717472207,0.21920000000000064,0.7807999999999994,0.21920000000000064,0.28073770491803385,-0.14319999999999938,1.1431999999999993,-0.14319999999999938,-0.12526242127361745
2026-04-08,2026-05-15,ok,657.0,656.0,8.67,8.47,676.01,739.17,0.1591999999999993,0.8408000000000007,0.1591999999999993,0.18934348239771545,0.11919999999999929,0.8808000000000007,0.11919999999999929,0.13533151680290553,0.1991999999999993,0.8008000000000007,0.1991999999999993,0.24875124875124766,-0.16360000000000074,1.1636000000000006,-0.16360000000000074,-0.14059814369199095
2026-04-15,2026-05-15,ok,684.0,683.0,6.67,6.47,699.94,739.17,0.15920000000000017,0.8407999999999998,0.15920000000000017,0.18934348239771673,0.11920000000000018,0.8807999999999998,0.11920000000000018,0.13533151680290667,0.19920000000000018,0.8007999999999998,0.19920000000000018,0.24875124875124902,-0.08359999999999984,1.0836,-0.08359999999999984,-0.07715023994093748
2026-04-29,2026-06-18,ok,691.0,690.0,10.44,10.22,711.58,746.74,0.17919999999999886,0.8208000000000011,0.17919999999999886,0.2183235867446377,0.13919999999999888,0.8608000000000011,0.13919999999999888,0.16171003717471968,0.21919999999999887,0.7808000000000012,0.21919999999999887,0.2807377049180309,-0.2140000000000012,1.2140000000000013,-0.2140000000000012,-0.17627677100494313
2026-05-06,2026-06-18,ok,715.0,714.0,8.38,8.17,733.83,746.74,0.16920000000000085,0.8307999999999991,0.16920000000000085,0.20365912373615916,0.12920000000000087,0.8707999999999991,0.12920000000000087,0.14836931557188907,0.20920000000000086,0.7907999999999992,0.20920000000000086,0.2645422357106741,-0.1417999999999992,1.1417999999999993,-0.1417999999999992,-0.12418987563496173
2026-05-13,2026-06-18,ok,724.0,723.0,7.67,7.44,742.31,746.74,0.18919999999999954,0.8108000000000004,0.18919999999999954,0.23334977799703926,0.14919999999999956,0.8508000000000004,0.14919999999999956,0.17536436295251467,0.22919999999999954,0.7708000000000005,0.22919999999999954,0.2973533990659048,-0.09300000000000053,1.0930000000000004,-0.09300000000000053,-0.08508691674290987
2026-05-20,2026-07-17,ok,720.0,719.0,10.48,10.25,741.25,743.29,0.18920000000000042,0.8107999999999995,0.18920000000000042,0.23334977799704062,0.14920000000000044,0.8507999999999996,0.14920000000000044,0.1753643629525159,0.22920000000000043,0.7707999999999996,0.22920000000000043,0.29735339906590624,-0.20539999999999964,1.2053999999999996,-0.20539999999999964,-0.17039986726397852
2026-05-28,2026-07-17,ok,736.0,735.0,8.36,8.13,754.6,743.29,0.18919999999999865,0.8108000000000013,0.18919999999999865,0.2333497779970379,0.14919999999999867,0.8508000000000013,0.14919999999999867,0.17536436295251343,0.22919999999999865,0.7708000000000014,0.22919999999999865,0.2973533990659033,-0.12060000000000137,1.1206000000000014,-0.12060000000000137,-0.10762091736569804
2026-06-04,2026-07-17,ok,740.0,739.0,8.07,7.84,757.09,743.29,0.18920000000000042,0.8107999999999995,0.18920000000000042,0.23334977799704062,0.14920000000000044,0.8507999999999996,0.14920000000000044,0.1753643629525159,0.22920000000000043,0.7707999999999996,0.22920000000000043,0.29735339906590624,-0.10899999999999965,1.1089999999999995,-0.10899999999999965,-0.09828674481514851
2026-06-11,2026-07-17,ok,718.0,717.0,8.01,7.79,737.76,743.29,0.17919999999999975,0.8208000000000002,0.17919999999999975,0.21832358674463903,0.13919999999999977,0.8608000000000002,0.13919999999999977,0.16171003717472088,0.21919999999999976,0.7808000000000003,0.21919999999999976,0.2807377049180324,-0.11680000000000029,1.1168000000000002,-0.11680000000000029,-0.10458452722063061
2026-06-18,2026-07-17,ok,732.0,731.0,5.96,5.76,746.74,743.29,0.15920000000000017,0.8407999999999998,0.15920000000000017,0.18934348239771673,0.11920000000000018,0.8807999999999998,0.11920000000000018,0.13533151680290667,0.19920000000000018,0.8007999999999998,0.19920000000000018,0.24875124875124902,-0.05519999999999986,1.0552,-0.05519999999999986,-0.05231235784685355
2026-06-26,2026-08-21,ok,707.0,706.0,9.01,8.82,728.99,765.72,0.1491999999999995,0.8508000000000004,0.1491999999999995,0.1753643629525146,0.1091999999999995,0.8908000000000005,0.1091999999999995,0.12258643915581438,0.1891999999999995,0.8108000000000005,0.1891999999999995,0.2333497779970392,-0.18740000000000057,1.1874000000000007,-0.18740000000000057,-0.1578238167424629
2026-07-06,2026-08-21,ok,734.0,733.0,7.6,7.39,751.28,765.72,0.16919999999999996,0.8308,0.16919999999999996,0.20365912373615788,0.12919999999999998,0.8708,0.12919999999999998,0.1483693155718879,0.20919999999999997,0.7908000000000001,0.20919999999999997,0.2645422357106727,-0.11060000000000003,1.1106,-0.11060000000000003,-0.0995858094723573
2026-07-13,2026-08-21,ok,731.0,730.0,7.56,7.35,749.17,765.72,0.16919999999999996,0.8308,0.16919999999999996,0.20365912373615788,0.12919999999999998,0.8708,0.12919999999999998,0.1483693155718879,0.20919999999999997,0.7908000000000001,0.20919999999999997,0.2645422357106727,-0.1090000000000001,1.109,-0.1090000000000001,-0.09828674481514887
2026-07-20,2026-08-21,ok,724.0,723.0,7.38,7.17,742.09,765.72,0.16919999999999996,0.8308,0.16919999999999996,0.20365912373615788,0.12919999999999998,0.8708,0.12919999999999998,0.1483693155718879,0.20919999999999997,0.7908000000000001,0.20919999999999997,0.2645422357106727,-0.10180000000000011,1.1018000000000001,-0.10180000000000011,-0.09239426393174814
2026-07-27,2026-09-18,ok,717.0,716.0,9.76,9.55,739.09,761.69,0.16919999999999907,0.8308000000000009,0.16919999999999907,0.20365912373615658,0.1291999999999991,0.8708000000000009,0.1291999999999991,0.14836931557188673,0.20919999999999908,0.790800000000001,0.20919999999999908,0.26454223571067126,-0.197000000000001,1.197000000000001,-0.197000000000001,-0.1645781119465337
2026-08-03,2026-09-18,ok,740.0,739.0,8.11,7.9,757.67,761.69,0.16919999999999907,0.8308000000000009,0.16919999999999907,0.20365912373615658,0.1291999999999991,0.8708000000000009,0.1291999999999991,0.14836931557188673,0.20919999999999908,0.790800000000001,0.20919999999999908,0.26454223571067126,-0.13100000000000095,1.131000000000001,-0.13100000000000095,-0.11582670203359934
2026-08-10,2026-09-18,ok,756.0,755.0,7.3,7.08,773.03,761.69,0.17919999999999975,0.8208000000000002,0.17919999999999975,0.21832358674463903,0.13919999999999977,0.8608000000000002,0.13919999999999977,0.16171003717472088,0.21919999999999976,0.7808000000000003,0.21919999999999976,0.2807377049180324,-0.08840000000000026,1.0884000000000003,-0.08840000000000026,-0.08122013965453899
