entry_date,exit_date,status,short_k,long_k,short_px,long_px,spy_entry,spy_expiry,credit,risk,pnl,ret,credit_2x,risk_2x,pnl_2x,ret_2x,credit_mid,risk_mid,pnl_mid,ret_mid,credit_pct,risk_pct,pnl_pct,ret_pct
2017-11-02,2017-12-15,ok,253.0,248.0,1.9,1.13,257.59,266.51,0.7292000000000001,4.2707999999999995,0.7292000000000001,0.17074084480659366,0.6892,4.3108,0.6892,0.15987751693421173,0.7692,4.2308,0.7692,0.18180958683936843,0.6886,4.3114,0.6886,0.1597161014983532
2017-11-09,2017-12-15,ok,254.0,249.0,1.82,1.07,258.17,266.51,0.7092,4.2908,0.7092,0.16528386314906313,0.6692,4.3308,0.6692,0.15452110464579294,0.7492,4.2508,0.7492,0.17624917662557635,0.6714,4.3286,0.6714,0.15510788707665296
2017-11-16,2017-12-15,ok,254.0,249.0,1.56,0.92,258.62,266.51,0.5992,4.4008,0.5992,0.13615706235229957,0.5592,4.4408,0.5592,0.12592325707079804,0.6392,4.3608,0.6392,0.14657860942946246,0.5696,4.4304,0.5696,0.12856626941133983
2017-11-24,2018-01-19,ok,255.0,250.0,2.05,1.3,260.36,280.41,0.7091999999999998,4.2908,0.7091999999999998,0.16528386314906307,0.6691999999999998,4.3308,0.6691999999999998,0.15452110464579288,0.7491999999999998,4.2508,0.7491999999999998,0.17624917662557632,0.6621999999999998,4.3378000000000005,0.6621999999999998,0.15265802941583284
2017-12-01,2018-01-19,ok,259.0,254.0,2.12,1.36,264.46,280.41,0.7192000000000001,4.2808,0.7192000000000001,0.16800598019061858,0.6792,4.3208,0.6792,0.15719311238659509,0.7592,4.2408,0.7592,0.17902282588190907,0.6696,4.3304,0.6696,0.15462774801404028
2017-12-08,2018-01-19,ok,261.0,256.0,1.64,0.94,265.51,280.41,0.6592,4.3408,0.6592,0.1518614080353852,0.6192,4.3808,0.6192,0.14134404674945217,0.6991999999999999,4.3008,0.6991999999999999,0.16257440476190477,0.6275999999999999,4.3724,0.6275999999999999,0.14353673039978043
2017-12-15,2018-01-19,ok,263.0,258.0,1.1,0.63,266.51,280.41,0.4292000000000001,4.5708,0.4292000000000001,0.09390041130655466,0.3892000000000001,4.6108,0.3892000000000001,0.08441051444434806,0.46920000000000006,4.5308,0.46920000000000006,0.10355787057473295,0.4146000000000001,4.5854,0.4146000000000001,0.09041741178523141
2017-12-22,2018-02-16,ok,262.0,257.0,1.89,1.25,267.51,273.11,0.5992,4.4008,0.5992,0.13615706235229957,0.5591999999999999,4.4408,0.5591999999999999,0.12592325707079802,0.6391999999999999,4.3608,0.6391999999999999,0.14657860942946244,0.5563999999999999,4.4436,0.5563999999999999,0.1252137906202178
2018-01-02,2018-02-16,ok,264.0,259.0,1.68,1.06,268.77,273.11,0.5791999999999999,4.4208,0.5791999999999999,0.13101701049583786,0.5391999999999999,4.4608,0.5391999999999999,0.12087517934002867,0.6191999999999999,4.3808,0.6191999999999999,0.14134404674945214,0.5443999999999999,4.4556000000000004,0.5443999999999999,0.12218331986713346
2018-01-09,2018-02-16,ok,270.0,265.0,1.46,0.84,274.54,273.11,0.5791999999999999,4.4208,0.5791999999999999,0.13101701049583786,0.5392,4.4608,0.5392,0.1208751793400287,0.6192,4.3808,0.6192,0.14134404674945217,0.5532,4.4468,0.5532,0.12440406584510211
2018-01-17,2018-03-16,ok,274.0,269.0,2.66,1.78,279.61,274.2,0.8392000000000002,4.1608,0.8392000000000002,0.20169198231109406,0.7992000000000001,4.2008,0.7992000000000001,0.19024947629023045,0.8792000000000001,4.1208,0.8792000000000001,0.21335662978062514,0.7704000000000001,4.2296,0.7704000000000001,0.18214488367694348
2018-01-24,2018-03-16,ok,278.0,273.0,2.64,1.7,283.18,274.2,0.8992000000000002,4.1008,-2.941600000000011,-0.7173234490831084,0.8592000000000002,4.1408,-3.021600000000011,-0.729714064914995,0.9392000000000001,4.0607999999999995,-2.8616000000000112,-0.7046887312844788,0.8324000000000001,4.1676,-3.0644000000000116,-0.7352912947499788
2018-01-31,2018-03-16,ok,276.0,271.0,2.68,1.78,281.9,274.2,0.8592000000000002,4.1408,-0.9816000000000111,-0.23705564142195015,0.8192000000000002,4.1808,-1.0616000000000112,-0.2539226942212044,0.8992000000000001,4.1008,-0.9016000000000113,-0.21985953960203164,0.7900000000000001,4.21,-1.0668000000000115,-0.2533966745843258
2018-02-07,2018-03-16,ok,257.0,252.0,3.66,2.9,267.67,274.2,0.7192000000000003,4.280799999999999,0.7192000000000003,0.16800598019061866,0.6792000000000002,4.3208,0.6792000000000002,0.1571931123865951,0.7592000000000002,4.2408,0.7592000000000002,0.17902282588190913,0.6080000000000003,4.3919999999999995,0.6080000000000003,0.1384335154826959
2018-02-14,2018-03-16,ok,263.0,258.0,2.86,1.98,269.59,274.2,0.8392,4.1608,0.8392,0.201691982311094,0.7991999999999999,4.2008,0.7991999999999999,0.1902494762902304,0.8791999999999999,4.1208,0.8791999999999999,0.21335662978062508,0.7623999999999999,4.2376000000000005,0.7623999999999999,0.17991315839154232
2018-02-22,2018-04-20,ok,261.0,256.0,3.4,2.64,270.4,266.61,0.7191999999999998,4.2808,0.7191999999999998,0.16800598019061852,0.6791999999999998,4.3208,0.6791999999999998,0.15719311238659503,0.7591999999999998,4.2408,0.7591999999999998,0.17902282588190901,0.6183999999999998,4.381600000000001,0.6183999999999998,0.1411356582070476
2018-03-01,2018-04-20,ok,258.0,253.0,3.82,3.0,267.7,266.61,0.7791999999999999,4.2208000000000006,0.7791999999999999,0.18460955269143287,0.7391999999999999,4.2608,0.7391999999999999,0.17348854675178368,0.8191999999999998,4.1808000000000005,0.8191999999999998,0.19594336012246452,0.6627999999999998,4.3372,0.6627999999999998,0.15281748593562663
2018-03-08,2018-04-20,ok,267.0,262.0,2.96,2.1,274.1,266.61,0.8191999999999999,4.1808,0.38840000000001357,0.0929008802143163,0.7791999999999999,4.2208000000000006,0.30840000000001355,0.07306671721001078,0.8591999999999999,4.1408000000000005,0.4684000000000135,0.11311823802164157,0.7379999999999999,4.2620000000000005,0.3194000000000138,0.07494134209291735
2018-03-15,2018-04-20,ok,268.0,263.0,2.34,1.6,275.0,266.61,0.6991999999999998,4.300800000000001,-0.7315999999999865,-0.17010788690475873,0.6591999999999998,4.3408,-0.8115999999999866,-0.18697014375230064,0.7391999999999997,4.260800000000001,-0.6515999999999866,-0.1529290274126893,0.6403999999999997,4.3596,-0.7981999999999864,-0.18309019176070884
2018-03-22,2018-05-18,ok,253.0,248.0,4.07,3.25,263.67,271.33,0.7792000000000003,4.2208,0.7792000000000003,0.184609552691433,0.7392000000000003,4.2608,0.7392000000000003,0.1734885467517838,0.8192000000000003,4.1808,0.8192000000000003,0.1959433601224647,0.6528000000000003,4.3472,0.6528000000000003,0.15016562384983445
2018-03-29,2018-05-18,ok,254.0,249.0,3.69,2.74,263.15,271.33,0.9091999999999998,4.0908,0.9091999999999998,0.22225481568397376,0.8691999999999998,4.130800000000001,0.8691999999999998,0.21041928924179326,0.9491999999999997,4.050800000000001,0.9491999999999997,0.23432408413152947,0.8005999999999998,4.199400000000001,0.8005999999999998,0.190646282802305
2018-04-06,2018-05-18,ok,251.0,246.0,3.5,2.54,259.72,271.33,0.9192,4.0808,0.9192,0.22524995099000197,0.8792,4.1208,0.8792,0.2133566297806251,0.9591999999999999,4.0408,0.9591999999999999,0.23737873688378539,0.8184,4.1815999999999995,0.8184,0.19571455902047066
2018-04-13,2018-05-18,ok,259.0,254.0,2.72,1.78,265.15,271.33,0.8992000000000002,4.1008,0.8992000000000002,0.21927428794381593,0.8592000000000002,4.1408,0.8592000000000002,0.20749613601236483,0.9392000000000001,4.0607999999999995,0.9392000000000001,0.23128447596532709,0.8292000000000002,4.1708,0.8292000000000002,0.19881077970653116
2018-04-20,2018-06-15,ok,259.0,254.0,3.6,2.64,266.61,277.13,0.9192,4.0808,0.9192,0.22524995099000197,0.8792,4.1208,0.8792,0.2133566297806251,0.9591999999999999,4.0408,0.9591999999999999,0.23737873688378539,0.8144,4.1856,0.8144,0.19457186544342508
2018-04-27,2018-06-15,ok,260.0,255.0,3.24,2.22,266.56,277.13,0.9792000000000001,4.0207999999999995,0.9792000000000001,0.24353362514922408,0.9392,4.0608,0.9392,0.231284475965327,1.0192,3.9808,1.0192,0.25602893890675243,0.89,4.11,0.89,0.2165450121654501
2018-05-04,2018-06-15,ok,260.0,255.0,2.87,1.88,266.02,277.13,0.9492000000000003,4.0508,0.9492000000000003,0.23432408413152966,0.9092000000000002,4.0908,0.9092000000000002,0.22225481568397387,0.9892000000000002,4.0108,0.9892000000000002,0.2466340879625013,0.8742000000000002,4.1258,0.8742000000000002,0.21188617965000733
2018-05-11,2018-06-15,ok,268.0,263.0,2.22,1.28,272.85,277.13,0.8992000000000002,4.1008,0.8992000000000002,0.21927428794381593,0.8592000000000002,4.1408,0.8592000000000002,0.20749613601236483,0.9392000000000001,4.0607999999999995,0.9392000000000001,0.23128447596532709,0.8492000000000002,4.1508,0.8492000000000002,0.20458706755324277
2018-05-18,2018-06-15,ok,267.0,262.0,2.1,1.19,271.33,277.13,0.8692000000000002,4.1308,0.8692000000000002,0.21041928924179343,0.8292000000000002,4.1708,0.8292000000000002,0.19881077970653116,0.9092000000000001,4.0908,0.9092000000000001,0.22225481568397384,0.8234000000000001,4.1766,0.8234000000000001,0.19714600392663895
2018-05-25,2018-07-20,ok,266.0,261.0,2.84,1.98,272.15,279.68,0.8191999999999999,4.1808,0.8191999999999999,0.1959433601224646,0.7791999999999999,4.2208000000000006,0.7791999999999999,0.18460955269143287,0.8591999999999999,4.1408000000000005,0.8591999999999999,0.2074961360123647,0.7427999999999999,4.2572,0.7427999999999999,0.17448087945128252
2018-06-04,2018-07-20,ok,269.0,264.0,2.4,1.58,274.9,279.68,0.7791999999999999,4.2208000000000006,0.7791999999999999,0.18460955269143287,0.7391999999999999,4.2608,0.7391999999999999,0.17348854675178368,0.8191999999999998,4.1808000000000005,0.8191999999999998,0.19594336012246452,0.7195999999999998,4.2804,0.7195999999999998,0.16811512942715628
2018-06-11,2018-07-20,ok,273.0,268.0,2.06,1.3,278.56,279.68,0.7192000000000001,4.2808,0.7192000000000001,0.16800598019061858,0.6792,4.3208,0.6792,0.15719311238659509,0.7592,4.2408,0.7592,0.17902282588190907,0.672,4.328,0.672,0.15526802218114602
2018-06-18,2018-07-20,ok,272.0,267.0,1.62,0.98,276.56,279.68,0.5992000000000002,4.4008,0.5992000000000002,0.1361570623522996,0.5592000000000001,4.440799999999999,0.5592000000000001,0.1259232570707981,0.6392000000000001,4.3608,0.6392000000000001,0.1465786094294625,0.5672000000000001,4.4328,0.5672000000000001,0.12795524273596826
2018-06-25,2018-08-17,ok,263.0,258.0,3.04,2.29,271.0,285.06,0.7092,4.2908,0.7092,0.16528386314906313,0.6692,4.3308,0.6692,0.15452110464579294,0.7492,4.2508,0.7492,0.17624917662557635,0.6226,4.3774,0.6226,0.14223054781377076
2018-07-02,2018-08-17,ok,265.0,260.0,2.66,1.9,271.86,285.06,0.7192000000000003,4.280799999999999,0.7192000000000003,0.16800598019061866,0.6792000000000002,4.3208,0.6792000000000002,0.1571931123865951,0.7592000000000002,4.2408,0.7592000000000002,0.17902282588190913,0.6480000000000002,4.351999999999999,0.6480000000000002,0.1488970588235295
2018-07-10,2018-08-17,ok,274.0,269.0,1.97,1.25,278.9,285.06,0.6792,4.3208,0.6792,0.15719311238659509,0.6392,4.3608,0.6392,0.14657860942946246,0.7192,4.2808,0.7192,0.16800598019061855,0.6348,4.3652,0.6348,0.1454228901310364
2018-07-17,2018-08-17,ok,276.0,271.0,1.52,0.9,280.47,285.06,0.5791999999999999,4.4208,0.5791999999999999,0.13101701049583786,0.5392,4.4608,0.5392,0.1208751793400287,0.6192,4.3808,0.6192,0.14134404674945217,0.5508,4.4492,0.5508,0.12379753663579968
2018-07-24,2018-09-21,ok,275.0,270.0,2.75,1.98,281.61,291.99,0.7292000000000001,4.2707999999999995,0.7292000000000001,0.17074084480659366,0.6892,4.3108,0.6892,0.15987751693421173,0.7692,4.2308,0.7692,0.18180958683936843,0.6546000000000001,4.3454,0.6546000000000001,0.15064205826851385
2018-07-31,2018-09-21,ok,275.0,270.0,2.36,1.65,281.33,291.99,0.6692,4.3308,0.6692,0.15452110464579294,0.6292,4.3708,0.6292,0.14395533998352703,0.7091999999999999,4.2908,0.7091999999999999,0.1652838631490631,0.609,4.391,0.609,0.13869278068777044
2018-08-07,2018-09-21,ok,280.0,275.0,2.0,1.28,285.58,291.99,0.6792,4.3208,0.6792,0.15719311238659509,0.6392,4.3608,0.6392,0.14657860942946246,0.7192,4.2808,0.7192,0.16800598019061855,0.6335999999999999,4.3664000000000005,0.6335999999999999,0.14510809820447046
2018-08-14,2018-09-21,ok,278.0,273.0,2.1,1.4,283.9,291.99,0.6592000000000002,4.3408,0.6592000000000002,0.15186140803538525,0.6192000000000002,4.3808,0.6192000000000002,0.1413440467494522,0.6992000000000002,4.3008,0.6992000000000002,0.1625744047619048,0.6092000000000002,4.3908,0.6092000000000002,0.13874464790015492
2018-08-21,2018-09-21,ok,281.0,276.0,1.86,1.15,286.34,291.99,0.6692000000000002,4.3308,0.6692000000000002,0.15452110464579297,0.6292000000000002,4.3708,0.6292000000000002,0.14395533998352708,0.7092000000000002,4.2908,0.7092000000000002,0.16528386314906315,0.6290000000000002,4.3709999999999996,0.6290000000000002,0.14390299702585227
2018-08-28,2018-10-19,ok,284.0,279.0,2.62,1.8,289.92,276.25,0.7792000000000001,4.2208,-4.2616,-1.009666413949962,0.7392000000000001,4.2608,-4.3416,-1.0189635749155088,0.8192,4.1808,-4.1815999999999995,-1.0001913509376197,0.7108000000000001,4.2892,-4.5200000000000005,-1.0538095682178497
2018-09-05,2018-10-19,ok,283.0,278.0,2.6,1.8,289.03,276.25,0.7592000000000001,4.2408,-4.2816,-1.0096208262591964,0.7192000000000001,4.2808,-4.3616,-1.0188749766398804,0.7992,4.2008,-4.2016,-1.0001904399162065,0.6912,4.3088,-4.4996,-1.0442814704790198
2018-09-12,2018-10-19,ok,283.0,278.0,2.0,1.29,289.12,276.25,0.6692,4.3308,-4.3716,-1.0094208922139096,0.6292,4.3708,-4.4516,-1.0184863182941337,0.7091999999999999,4.2908,-4.2916,-1.0001864454181038,0.6234,4.3766,-4.5674,-1.0435954850797424
2018-09-19,2018-11-16,ok,285.0,280.0,2.83,2.0,291.22,273.73,0.7892000000000001,4.2108,-4.2516,-1.0096893701909375,0.7492000000000001,4.2508,-4.3316,-1.0190081866942693,0.8292,4.1708,-4.1716,-1.000191809724753,0.7126000000000001,4.2874,-4.658999999999999,-1.0866725754536546
2018-09-26,2018-11-16,ok,283.0,278.0,2.48,1.76,289.88,273.73,0.6792,4.3208,-4.3616,-1.0094426957970746,0.6392,4.3608,-4.4416,-1.0185287103283802,0.7192,4.2808,-4.2816,-1.0001868809568304,0.6144,4.3856,-4.677199999999999,-1.0664903319956218
2018-10-03,2018-11-16,ok,286.0,281.0,2.24,1.52,291.72,273.73,0.6792000000000002,4.3208,-4.3616,-1.0094426957970746,0.6392000000000002,4.360799999999999,-4.441599999999999,-1.0185287103283802,0.7192000000000002,4.2808,-4.2816,-1.0001868809568304,0.6240000000000002,4.3759999999999994,-4.7875999999999985,-1.0940585009140766
2018-10-10,2018-11-16,ok,269.0,264.0,3.8,2.87,278.3,273.73,0.8891999999999998,4.1108,0.8891999999999998,0.21630826116570978,0.8491999999999997,4.1508,0.8491999999999997,0.20458706755324266,0.9291999999999997,4.0708,0.9291999999999997,0.22825980151321598,0.7757999999999997,4.224200000000001,0.7757999999999997,0.18365607689029867
2018-10-17,2018-11-16,ok,274.0,269.0,2.48,1.69,280.45,273.73,0.7492000000000001,4.2508,0.4384000000000183,0.10313352780653484,0.7092,4.2908,0.35840000000001826,0.0835275473105291,0.7892,4.2108,0.5184000000000182,0.12311199772015251,0.6858000000000001,4.3142,0.38960000000001865,0.09030642992907577
2018-11-07,2018-12-21,ok,274.0,269.0,3.48,2.44,281.01,240.7,0.9992000000000001,4.0008,-4.0416,-1.0101979604079183,0.9592,4.0408,-4.1216,-1.019996040388042,1.0392000000000001,3.9608,-3.9616,-1.0002019793981014,0.9008,4.0992,-5.352,-1.3056206088992977
2019-02-13,2019-03-15,ok,269.0,264.0,2.48,1.54,274.99,281.31,0.8992,4.1008,0.8992,0.21927428794381587,0.8592,4.1408000000000005,0.8592,0.20749613601236472,0.9391999999999999,4.0608,0.9391999999999999,0.23128447596532697,0.8388,4.1612,0.8388,0.2015764683264443
2019-02-21,2019-04-18,ok,270.0,265.0,3.28,2.32,277.42,290.02,0.9192,4.0808,0.9192,0.22524995099000197,0.8792,4.1208,0.8792,0.2133566297806251,0.9591999999999999,4.0408,0.9591999999999999,0.23737873688378539,0.8271999999999999,4.1728000000000005,0.8271999999999999,0.19823619631901837
2019-02-28,2019-04-18,ok,272.0,267.0,2.98,2.08,278.68,290.02,0.8592,4.1408000000000005,0.8592,0.20749613601236472,0.8191999999999999,4.1808,0.8191999999999999,0.1959433601224646,0.8991999999999999,4.1008000000000004,0.8991999999999999,0.2192742879438158,0.7779999999999999,4.222,0.7779999999999999,0.18427285646612976
2019-03-07,2019-04-18,ok,268.0,263.0,3.1,2.17,275.01,290.02,0.8892000000000002,4.110799999999999,0.8892000000000002,0.21630826116570992,0.8492000000000002,4.1508,0.8492000000000002,0.20458706755324277,0.9292000000000001,4.0708,0.9292000000000001,0.2282598015132161,0.8038000000000002,4.1962,0.8038000000000002,0.19155426338115442
2019-03-14,2019-04-18,ok,276.0,271.0,2.42,1.47,281.16,290.02,0.9092,4.0908,0.9092,0.22225481568397382,0.8692,4.1308,0.8692,0.21041928924179337,0.9491999999999999,4.0508,0.9491999999999999,0.23432408413152958,0.8513999999999999,4.1486,0.8513999999999999,0.20522585932603768
2019-03-21,2019-05-17,ok,278.0,273.0,3.02,2.14,284.73,285.84,0.8392,4.1608,0.8392,0.201691982311094,0.7991999999999999,4.2008,0.7991999999999999,0.1902494762902304,0.8791999999999999,4.1208,0.8791999999999999,0.21335662978062508,0.7559999999999999,4.244,0.7559999999999999,0.17813383600377
2019-03-28,2019-05-17,ok,274.0,269.0,3.08,2.14,280.71,285.84,0.8992,4.1008,0.8992,0.21927428794381587,0.8592,4.1408000000000005,0.8592,0.20749613601236472,0.9391999999999999,4.0608,0.9391999999999999,0.23128447596532697,0.8148,4.1852,0.8148,0.19468603650960525
2019-04-04,2019-05-17,ok,281.0,276.0,2.5,1.66,287.18,285.84,0.7992000000000001,4.2008,0.7992000000000001,0.19024947629023045,0.7592000000000001,4.2408,0.7592000000000001,0.1790228258819091,0.8392000000000001,4.1608,0.8392000000000001,0.20169198231109403,0.7360000000000001,4.264,0.7360000000000001,0.1726078799249531
2019-04-11,2019-05-17,ok,283.0,278.0,2.19,1.41,288.21,285.84,0.7392000000000001,4.2608,0.7392000000000001,0.17348854675178374,0.6992,4.3008,0.6992,0.1625744047619048,0.7792,4.2208,0.7792,0.18460955269143292,0.6872,4.3128,0.6872,0.1593396401409757
2019-04-18,2019-05-17,ok,285.0,280.0,1.65,0.98,290.02,285.84,0.6292,4.3708,0.6292,0.14395533998352703,0.5892,4.4108,0.5892,0.13358120975786705,0.6691999999999999,4.3308,0.6691999999999999,0.1545211046457929,0.5965999999999999,4.4034,0.5965999999999999,0.13548621519734746
2019-04-26,2019-06-21,ok,287.0,282.0,3.11,2.25,293.41,294.0,0.8191999999999999,4.1808,0.8191999999999999,0.1959433601224646,0.7791999999999999,4.2208000000000006,0.7791999999999999,0.18460955269143287,0.8591999999999999,4.1408000000000005,0.8591999999999999,0.2074961360123647,0.7319999999999999,4.268,0.7319999999999999,0.17150890346766634
2019-05-03,2019-06-21,ok,288.0,283.0,3.01,2.11,294.03,294.0,0.8592,4.1408000000000005,0.8592,0.20749613601236472,0.8191999999999999,4.1808,0.8191999999999999,0.1959433601224646,0.8991999999999999,4.1008000000000004,0.8991999999999999,0.2192742879438158,0.7767999999999999,4.2232,0.7767999999999999,0.18393635158173893
2019-05-10,2019-06-21,ok,281.0,276.0,3.46,2.49,288.1,294.0,0.9291999999999998,4.0708,0.9291999999999998,0.228259801513216,0.8891999999999998,4.1108,0.8891999999999998,0.21630826116570978,0.9691999999999997,4.0308,0.9691999999999997,0.24044854619430378,0.8301999999999998,4.1698,0.8301999999999998,0.1990982780948726
2019-05-17,2019-06-21,ok,279.0,274.0,3.08,2.09,285.84,294.0,0.9492000000000003,4.0508,0.9492000000000003,0.23432408413152966,0.9092000000000002,4.0908,0.9092000000000002,0.22225481568397387,0.9892000000000002,4.0108,0.9892000000000002,0.2466340879625013,0.8658000000000002,4.1342,0.8658000000000002,0.209423830487156
2019-05-24,2019-07-19,ok,275.0,270.0,4.03,2.94,282.78,297.17,1.0492000000000004,3.9507999999999996,1.0492000000000004,0.2655664675508759,1.0092000000000003,3.9907999999999997,1.0092000000000003,0.25288162774381084,1.0892000000000004,3.9107999999999996,1.0892000000000004,0.27851079063107304,0.9298000000000003,4.0702,0.9298000000000003,0.22844086285686216
2019-06-10,2019-07-19,ok,282.0,277.0,3.18,2.16,288.97,297.17,0.9792000000000001,4.0207999999999995,0.9792000000000001,0.24353362514922408,0.9392,4.0608,0.9392,0.231284475965327,1.0192,3.9808,1.0192,0.25602893890675243,0.8924000000000001,4.1076,0.8924000000000001,0.2172558184828124
2019-06-17,2019-07-19,ok,283.0,278.0,2.83,1.83,289.37,297.17,0.9592,4.0408,0.9592,0.2373787368837854,0.9192,4.0808,0.9192,0.22524995099000197,0.9992,4.0008,0.9992,0.249750049990002,0.886,4.114,0.886,0.21536217792902285
2019-06-24,2019-08-16,ok,286.0,281.0,3.4,2.47,293.64,288.85,0.8891999999999998,4.1108,0.8891999999999998,0.21630826116570978,0.8491999999999997,4.1508,0.8491999999999997,0.20458706755324266,0.9291999999999997,4.0708,0.9291999999999997,0.22825980151321598,0.7917999999999997,4.208200000000001,0.7917999999999997,0.1881564564421842
2019-07-01,2019-08-16,ok,289.0,284.0,2.9,2.03,295.66,288.85,0.8292000000000002,4.1708,0.638400000000023,0.1530641603529354,0.7892000000000001,4.2108,0.5584000000000229,0.13261138026028851,0.8692000000000001,4.1308,0.7184000000000228,0.1739130434782664,0.7506000000000002,4.2494,0.5768000000000233,0.13573680990257997
2019-07-09,2019-08-16,ok,291.0,286.0,2.55,1.72,297.19,288.85,0.7891999999999999,4.2108,-1.4015999999999773,-0.3328583642063212,0.7491999999999999,4.2508,-1.4815999999999774,-0.34854615601768546,0.8291999999999998,4.1708,-1.3215999999999775,-0.3168696652920249,0.7237999999999999,4.2762,-1.4899999999999771,-0.3484402039193623
2019-07-16,2019-08-16,ok,294.0,289.0,1.92,1.24,299.71,288.85,0.6392,4.3608,-4.4016,-1.0093560814529443,0.5992,4.4008,-4.4816,-1.0183602981276132,0.6791999999999999,4.3208,-4.3216,-1.0001851508979818,0.596,4.404,-4.530799999999999,-1.0287920072661216
2019-07-23,2019-09-20,ok,293.0,288.0,3.42,2.49,300.03,298.28,0.8891999999999998,4.1108,0.8891999999999998,0.21630826116570978,0.8491999999999997,4.1508,0.8491999999999997,0.20458706755324266,0.9291999999999997,4.0708,0.9291999999999997,0.22825980151321598,0.7909999999999997,4.2090000000000005,0.7909999999999997,0.18793062485150858
2019-07-30,2019-09-20,ok,294.0,289.0,3.52,2.56,300.72,298.28,0.9192,4.0808,0.9192,0.22524995099000197,0.8792,4.1208,0.8792,0.2133566297806251,0.9591999999999999,4.0408,0.9591999999999999,0.23737873688378539,0.8176,4.1824,0.8176,0.19548584544758987
2019-08-06,2019-09-20,ok,279.0,274.0,4.83,3.7,287.8,298.28,1.0892,3.9108,1.0892,0.2785107906310729,1.0492,3.9508,1.0492,0.26556646755087576,1.1292,3.8708,1.1292,0.29172264131445697,0.9385999999999999,4.0614,0.9385999999999999,0.23110257546658786
2019-08-13,2019-09-20,ok,285.0,280.0,3.83,2.82,292.55,298.28,0.9692000000000003,4.030799999999999,0.9692000000000003,0.24044854619430397,0.9292000000000002,4.0708,0.9292000000000002,0.22825980151321612,1.0092000000000003,3.9907999999999997,1.0092000000000003,0.25288162774381084,0.8562000000000003,4.1438,0.8562000000000003,0.20662194121337912
2019-08-20,2019-09-20,ok,283.0,278.0,3.56,2.46,290.09,298.28,1.0592000000000001,3.9408,1.0592000000000001,0.26877791311408855,1.0192,3.9808,1.0192,0.25602893890675243,1.0992000000000002,3.9008,1.0992000000000002,0.2817883511074652,0.9588000000000001,4.0412,0.9588000000000001,0.23725626051667825
2019-08-27,2019-10-18,ok,277.0,272.0,5.26,4.08,286.87,297.97,1.1391999999999998,3.8608000000000002,1.1391999999999998,0.29506837961044335,1.0991999999999997,3.9008000000000003,1.0991999999999997,0.28178835110746503,1.1791999999999998,3.8208,1.1791999999999998,0.3086264656616415,0.9723999999999997,4.0276000000000005,0.9723999999999997,0.2414341046777236
2019-09-04,2019-10-18,ok,286.0,281.0,4.18,3.14,294.04,297.97,0.9991999999999996,4.0008,0.9991999999999996,0.24975004999000192,0.9591999999999996,4.040800000000001,0.9591999999999996,0.23737873688378525,1.0391999999999997,3.9608000000000003,1.0391999999999997,0.26237123813371027,0.8727999999999996,4.1272,0.8727999999999996,0.21147509207210688
2019-09-11,2019-10-18,ok,294.0,289.0,3.1,2.2,300.25,297.97,0.8592,4.1408000000000005,0.8592,0.20749613601236472,0.8191999999999999,4.1808,0.8191999999999999,0.1959433601224646,0.8991999999999999,4.1008000000000004,0.8991999999999999,0.2192742879438158,0.7731999999999999,4.2268,0.7731999999999999,0.18292798334437396
2019-09-18,2019-11-15,ok,294.0,289.0,4.34,3.29,301.1,311.79,1.0091999999999999,3.9908,1.0091999999999999,0.25288162774381073,0.9691999999999998,4.0308,0.9691999999999998,0.2404485461943038,1.0492,3.9508,1.0492,0.26556646755087576,0.8765999999999998,4.1234,0.8765999999999998,0.21259155066207494
2019-09-25,2019-11-15,ok,290.0,285.0,4.03,3.06,297.62,311.79,0.9292000000000002,4.0708,0.9292000000000002,0.22825980151321612,0.8892000000000002,4.110799999999999,0.8892000000000002,0.21630826116570992,0.9692000000000002,4.0308,0.9692000000000002,0.2404485461943039,0.8074000000000002,4.1926,0.8074000000000002,0.192577398273148
2019-10-02,2019-11-15,ok,279.0,274.0,4.73,3.57,288.06,311.79,1.1192000000000006,3.8807999999999994,1.1192000000000006,0.2883941455370029,1.0792000000000006,3.9207999999999994,1.0792000000000006,0.2752499489900022,1.1592000000000007,3.8407999999999993,1.1592000000000007,0.3018121224744847,0.9732000000000005,4.0268,0.9732000000000005,0.24168073904837603
2019-10-09,2019-11-15,ok,283.0,278.0,3.68,2.66,291.27,311.79,0.9792000000000001,4.0207999999999995,0.9792000000000001,0.24353362514922408,0.9392,4.0608,0.9392,0.231284475965327,1.0192,3.9808,1.0192,0.25602893890675243,0.8724000000000001,4.1276,0.8724000000000001,0.2113576896986142
2019-10-16,2019-11-15,ok,293.0,288.0,2.37,1.5,298.4,311.79,0.8292000000000002,4.1708,0.8292000000000002,0.19881077970653116,0.7892000000000001,4.2108,0.7892000000000001,0.18742281751686143,0.8692000000000001,4.1308,0.8692000000000001,0.2104192892417934,0.7718,4.2282,0.7718,0.18253630386452865
2019-10-23,2019-12-20,ok,292.0,287.0,3.96,2.98,299.88,320.73,0.9392,4.0608,0.9392,0.231284475965327,0.8992,4.1008,0.8992,0.21927428794381587,0.9792,4.0208,0.9792,0.243533625149224,0.8204,4.1796,0.8204,0.19628672600248828
2019-10-30,2019-12-20,ok,298.0,293.0,3.59,2.6,304.14,320.73,0.9491999999999998,4.050800000000001,0.9491999999999998,0.2343240841315295,0.9091999999999998,4.0908,0.9091999999999998,0.22225481568397376,0.9891999999999997,4.010800000000001,0.9891999999999997,0.24663408796250114,0.8453999999999997,4.1546,0.8453999999999997,0.20348529340971444
2019-11-06,2019-12-20,ok,301.0,296.0,3.23,2.3,307.1,320.73,0.8892000000000002,4.110799999999999,0.8892000000000002,0.21630826116570992,0.8492000000000002,4.1508,0.8492000000000002,0.20458706755324277,0.9292000000000001,4.0708,0.9292000000000001,0.2282598015132161,0.7986000000000002,4.2014,0.7986000000000002,0.1900794973104204
2019-11-13,2019-12-20,ok,303.0,298.0,2.86,1.96,309.1,320.73,0.8592,4.1408000000000005,0.8592,0.20749613601236472,0.8191999999999999,4.1808,0.8191999999999999,0.1959433601224646,0.8991999999999999,4.1008000000000004,0.8991999999999999,0.2192742879438158,0.7827999999999999,4.2172,0.7827999999999999,0.18562079104619178
2019-11-20,2020-01-17,ok,304.0,299.0,4.08,3.08,310.77,331.95,0.9592,4.0408,0.9592,0.2373787368837854,0.9192,4.0808,0.9192,0.22524995099000197,0.9992,4.0008,0.9992,0.249750049990002,0.8360000000000001,4.164,0.8360000000000001,0.2007684918347743
2019-11-27,2020-01-17,ok,309.0,304.0,3.42,2.49,315.48,331.95,0.8891999999999998,4.1108,0.8891999999999998,0.21630826116570978,0.8491999999999997,4.1508,0.8491999999999997,0.20458706755324266,0.9291999999999997,4.0708,0.9291999999999997,0.22825980151321598,0.7909999999999997,4.2090000000000005,0.7909999999999997,0.18793062485150858
2019-12-05,2020-01-17,ok,305.0,300.0,3.84,2.8,312.02,331.95,0.9992000000000001,4.0008,0.9992000000000001,0.24975004999000203,0.9592,4.0408,0.9592,0.2373787368837854,1.0392000000000001,3.9608,1.0392000000000001,0.2623712381337104,0.8864000000000001,4.1136,0.8864000000000001,0.21548035783741737
2019-12-12,2020-01-17,ok,311.0,306.0,3.1,2.18,317.13,331.95,0.8792,4.1208,0.8792,0.2133566297806251,0.8392,4.1608,0.8392,0.201691982311094,0.9191999999999999,4.0808,0.9191999999999999,0.22524995099000195,0.7935999999999999,4.2064,0.7935999999999999,0.18866489159376185
2019-12-19,2020-01-17,ok,316.0,311.0,2.14,1.38,320.9,331.95,0.7192000000000003,4.280799999999999,0.7192000000000003,0.16800598019061866,0.6792000000000002,4.3208,0.6792000000000002,0.1571931123865951,0.7592000000000002,4.2408,0.7592000000000002,0.17902282588190913,0.6688000000000003,4.3312,0.6688000000000003,0.15441448097524943
2019-12-27,2020-02-21,ok,315.0,310.0,3.56,2.72,322.86,333.48,0.7991999999999999,4.2008,0.7991999999999999,0.1902494762902304,0.7591999999999999,4.2408,0.7591999999999999,0.17902282588190904,0.8391999999999998,4.1608,0.8391999999999998,0.20169198231109398,0.6935999999999999,4.3064,0.6935999999999999,0.16106260449563436
2020-01-07,2020-02-21,ok,315.0,310.0,3.18,2.34,322.73,333.48,0.7992000000000004,4.200799999999999,0.7992000000000004,0.19024947629023056,0.7592000000000003,4.2408,0.7592000000000003,0.17902282588190915,0.8392000000000003,4.1608,0.8392000000000003,0.2016919823110941,0.7088000000000003,4.2912,0.7088000000000003,0.16517524235645048
2020-01-14,2020-02-21,ok,321.0,316.0,2.42,1.67,327.45,333.48,0.7092,4.2908,0.7092,0.16528386314906313,0.6692,4.3308,0.6692,0.15452110464579294,0.7492,4.2508,0.7492,0.17624917662557635,0.6474,4.3526,0.6474,0.1487386849239535
2020-01-22,2020-03-20,ok,323.0,318.0,3.96,3.02,331.34,228.8,0.8992,4.1008,-4.1415999999999995,-1.0099492781896215,0.8592,4.1408000000000005,-4.2216000000000005,-1.0195131375579598,0.9391999999999999,4.0608,-4.0616,-1.0001970055161544,0.7796,4.2204,-7.909199999999999,-1.8740403753198749
2020-01-29,2020-03-20,ok,317.0,312.0,4.42,3.42,326.62,228.8,0.9592,4.0408,-4.0816,-1.0100970104929716,0.9192,4.0808,-4.1616,-1.0198000392079984,0.9992,4.0008,-4.0016,-1.0001999600079983,0.8224,4.1776,-7.626399999999999,-1.825545767905017
2020-02-05,2020-03-20,ok,324.0,319.0,3.5,2.62,332.86,228.8,0.8392,4.1608,-4.2016,-1.0098058065756585,0.7991999999999999,4.2008,-4.2816,-1.0192344315368502,0.8791999999999999,4.1208,-4.1216,-1.000194137060765,0.7367999999999999,4.2632,-7.992,-1.8746481516231936
2020-02-12,2020-03-20,ok,330.0,325.0,2.9,2.08,337.42,228.8,0.7791999999999999,4.2208000000000006,-4.2616000000000005,-1.009666413949962,0.7391999999999999,4.2608,-4.3416,-1.0189635749155088,0.8191999999999998,4.1808000000000005,-4.1816,-1.0001913509376197,0.6995999999999999,4.3004,-8.2692,-1.9228908938703377
2020-02-20,2020-04-17,ok,327.0,322.0,4.2,3.3,336.95,286.64,0.8592000000000004,4.1408,-4.1815999999999995,-1.0098531684698608,0.8192000000000004,4.1808,-4.2616,-1.0193264446995791,0.8992000000000003,4.1008,-4.1015999999999995,-1.000195083886071,0.7292000000000003,4.2707999999999995,-5.806,-1.3594642689894167
2020-06-01,2020-07-17,ok,292.0,287.0,6.71,5.62,305.55,321.72,1.0492,3.9508,1.0492,0.26556646755087576,1.0091999999999999,3.9908,1.0091999999999999,0.25288162774381073,1.0892,3.9108,1.0892,0.2785107906310729,0.8225999999999998,4.1774000000000004,0.8225999999999998,0.19691674247139362
2020-06-08,2020-07-17,ok,310.0,305.0,5.31,4.32,323.2,321.72,0.9491999999999994,4.050800000000001,0.9491999999999994,0.2343240841315294,0.9091999999999993,4.090800000000001,0.9091999999999993,0.2222548156839736,0.9891999999999993,4.010800000000001,0.9891999999999993,0.24663408796250103,0.7765999999999993,4.223400000000001,0.7765999999999993,0.1838802860254769
2020-06-15,2020-07-17,ok,293.0,288.0,6.67,5.55,307.05,321.72,1.0792000000000002,3.9208,1.0792000000000002,0.2752499489900021,1.0392000000000001,3.9608,1.0392000000000001,0.2623712381337104,1.1192000000000002,3.8808,1.1192000000000002,0.28839414553700277,0.8548000000000001,4.1452,0.8548000000000001,0.20621441667470813
2020-06-22,2020-08-21,ok,293.0,288.0,8.3,7.24,310.62,339.48,1.0192000000000005,3.9807999999999995,1.0192000000000005,0.2560289389067526,0.9792000000000005,4.0207999999999995,0.9792000000000005,0.2435336251492242,1.0592000000000006,3.9407999999999994,1.0592000000000006,0.2687779131140887,0.7284000000000004,4.271599999999999,0.7284000000000004,0.1705215844180168
2020-06-29,2020-08-21,ok,288.0,283.0,7.7,6.59,304.46,339.48,1.0692000000000004,3.9307999999999996,1.0692000000000004,0.2720056985855298,1.0292000000000003,3.9707999999999997,1.0292000000000003,0.2591921023471342,1.1092000000000004,3.8907999999999996,1.1092000000000004,0.28508275932970095,0.8034000000000003,4.1966,0.8034000000000003,0.19144069008244777
2020-07-07,2020-08-21,ok,299.0,294.0,6.6,5.56,313.78,339.48,0.9992000000000001,4.0008,0.9992000000000001,0.24975004999000203,0.9592,4.0408,0.9592,0.2373787368837854,1.0392000000000001,3.9608,1.0392000000000001,0.2623712381337104,0.776,4.224,0.776,0.18371212121212122
2020-07-14,2020-08-21,ok,305.0,300.0,5.91,4.92,318.92,339.48,0.9492000000000003,4.0508,0.9492000000000003,0.23432408413152966,0.9092000000000002,4.0908,0.9092000000000002,0.22225481568397387,0.9892000000000002,4.0108,0.9892000000000002,0.2466340879625013,0.7526000000000002,4.2474,0.7526000000000002,0.17719075198945242
2020-07-21,2020-08-21,ok,314.0,309.0,4.54,3.6,325.01,339.48,0.8992,4.1008,0.8992,0.21927428794381587,0.8592,4.1408000000000005,0.8592,0.20749613601236472,0.9391999999999999,4.0608,0.9391999999999999,0.23128447596532697,0.7564,4.2436,0.7564,0.17824488641719294
2020-07-28,2020-09-18,ok,307.0,302.0,6.72,5.67,321.17,330.65,1.0091999999999999,3.9908,1.0091999999999999,0.25288162774381073,0.9691999999999998,4.0308,0.9691999999999998,0.2404485461943038,1.0492,3.9508,1.0492,0.26556646755087576,0.7813999999999999,4.2186,0.7813999999999999,0.18522732660124208
2020-08-04,2020-09-18,ok,317.0,312.0,5.79,4.8,330.06,330.65,0.9492000000000003,4.0508,0.9492000000000003,0.23432408413152966,0.9092000000000002,4.0908,0.9092000000000002,0.22225481568397387,0.9892000000000002,4.0108,0.9892000000000002,0.2466340879625013,0.7574000000000002,4.2425999999999995,0.7574000000000002,0.178522604063546
2020-08-11,2020-09-18,ok,321.0,316.0,5.5,4.53,332.8,330.65,0.9291999999999998,4.0708,0.9291999999999998,0.228259801513216,0.8891999999999998,4.1108,0.8891999999999998,0.21630826116570978,0.9691999999999997,4.0308,0.9691999999999997,0.24044854619430378,0.7485999999999997,4.2514,0.7485999999999997,0.17608317260196632
2020-08-18,2020-09-18,ok,328.0,323.0,4.11,3.25,338.64,330.65,0.8192000000000004,4.1808,0.8192000000000004,0.19594336012246472,0.7792000000000003,4.2208,0.7792000000000003,0.184609552691433,0.8592000000000003,4.1408,0.8592000000000003,0.20749613601236486,0.6920000000000004,4.308,0.6920000000000004,0.1606313834726092
2020-08-25,2020-10-16,ok,331.0,326.0,6.1,5.14,344.12,347.29,0.9192,4.0808,0.9192,0.22524995099000197,0.8792,4.1208,0.8792,0.2133566297806251,0.9591999999999999,4.0408,0.9591999999999999,0.23737873688378539,0.7143999999999999,4.2856000000000005,0.7143999999999999,0.1666977786074295
2020-09-01,2020-10-16,ok,338.0,333.0,6.17,5.27,352.6,347.29,0.8592000000000004,4.1408,0.8592000000000004,0.20749613601236488,0.8192000000000004,4.1808,0.8192000000000004,0.19594336012246472,0.8992000000000003,4.1008,0.8992000000000003,0.21927428794381595,0.6504000000000003,4.3496,0.6504000000000003,0.14953099135552703
2020-09-09,2020-10-16,ok,325.0,320.0,6.095,5.06,339.79,347.29,0.9942000000000002,4.0058,0.9942000000000002,0.24819012431973644,0.9542000000000002,4.0458,0.9542000000000002,0.2358495229620842,1.0342000000000002,3.9657999999999998,1.0342000000000002,0.2607796661455445,0.7911000000000001,4.2089,0.7911000000000001,0.18795884910546704
2020-09-16,2020-10-16,ok,327.0,322.0,5.08,4.04,338.82,347.29,0.9992000000000001,4.0008,0.9992000000000001,0.24975004999000203,0.9592,4.0408,0.9592,0.2373787368837854,1.0392000000000001,3.9608,1.0392000000000001,0.2623712381337104,0.8368,4.1632,0.8368,0.20099923136049194
2020-09-23,2020-11-20,ok,306.0,301.0,8.94,7.63,322.64,355.33,1.2691999999999997,3.7308000000000003,1.2691999999999997,0.34019513241127897,1.2291999999999996,3.7708000000000004,1.2291999999999996,0.32597857218627335,1.3091999999999997,3.6908000000000003,1.3091999999999997,0.35471984393627387,0.9577999999999995,4.0422,0.9577999999999995,0.2369501756469248
2020-09-30,2020-11-20,ok,320.0,315.0,8.3,6.87,334.89,355.33,1.3892000000000007,3.6107999999999993,1.3892000000000007,0.384734684834386,1.3492000000000006,3.6507999999999994,1.3492000000000006,0.36956283554289493,1.4292000000000007,3.5707999999999993,1.4292000000000007,0.4002464433740341,1.1058000000000006,3.8941999999999997,1.1058000000000006,0.2839607621591086
2020-10-07,2020-11-20,ok,326.0,321.0,7.24,6.09,340.76,355.33,1.1092000000000004,3.8907999999999996,1.1092000000000004,0.28508275932970095,1.0692000000000004,3.9307999999999996,1.0692000000000004,0.2720056985855298,1.1492000000000004,3.8507999999999996,1.1492000000000004,0.2984314947543369,0.8626000000000003,4.1373999999999995,0.8626000000000003,0.2084884226809108
2020-10-14,2020-11-20,ok,334.0,329.0,5.91,4.87,347.93,355.33,0.9992000000000001,4.0008,0.9992000000000001,0.24975004999000203,0.9592,4.0408,0.9592,0.2373787368837854,1.0392000000000001,3.9608,1.0392000000000001,0.2623712381337104,0.8036000000000001,4.1964,0.8036000000000001,0.1914974740253551
2020-10-21,2020-12-18,ok,325.0,320.0,8.61,7.44,342.73,369.18,1.129199999999999,3.870800000000001,1.129199999999999,0.29172264131445663,1.089199999999999,3.910800000000001,1.089199999999999,0.2785107906310726,1.1691999999999991,3.830800000000001,1.1691999999999991,0.30521039991646626,0.8281999999999989,4.171800000000001,0.8281999999999989,0.19852341914760985
2020-10-28,2020-12-18,ok,306.0,301.0,10.25,8.98,326.66,369.18,1.2291999999999996,3.7708000000000004,1.2291999999999996,0.32597857218627335,1.1891999999999996,3.8108000000000004,1.1891999999999996,0.31206045974598495,1.2691999999999997,3.7308000000000003,1.2691999999999997,0.34019513241127897,0.8645999999999995,4.135400000000001,0.8645999999999995,0.20907288291338186
2020-11-04,2020-12-18,ok,327.0,322.0,7.3,6.21,343.54,369.18,1.0492,3.9508,1.0492,0.26556646755087576,1.0091999999999999,3.9908,1.0091999999999999,0.25288162774381073,1.0892,3.9108,1.0892,0.2785107906310729,0.7989999999999998,4.2010000000000005,0.7989999999999998,0.19019281123542006
2020-11-11,2020-12-18,ok,344.0,339.0,5.52,4.52,356.67,369.18,0.9592,4.0408,0.9592,0.2373787368837854,0.9192,4.0808,0.9192,0.22524995099000197,0.9992,4.0008,0.9992,0.249750049990002,0.7784,4.2216000000000005,0.7784,0.1843850672730718
2020-11-18,2021-01-15,ok,341.0,336.0,7.3,6.25,356.28,375.7,1.0091999999999999,3.9908,1.0091999999999999,0.25288162774381073,0.9691999999999998,4.0308,0.9691999999999998,0.2404485461943038,1.0492,3.9508,1.0492,0.26556646755087576,0.7581999999999998,4.2418000000000005,0.7581999999999998,0.17874487245980472
2020-11-25,2021-01-15,ok,349.0,344.0,6.13,5.12,362.66,375.7,0.9691999999999998,4.0308,0.9691999999999998,0.2404485461943038,0.9291999999999998,4.0708,0.9291999999999998,0.228259801513216,1.0091999999999999,3.9908,1.0091999999999999,0.25288162774381073,0.7641999999999998,4.2358,0.7641999999999998,0.18041456159403177
2020-12-03,2021-01-15,ok,354.0,349.0,5.83,4.79,366.69,375.7,0.9992000000000001,4.0008,0.9992000000000001,0.24975004999000203,0.9592,4.0408,0.9592,0.2373787368837854,1.0392000000000001,3.9608,1.0392000000000001,0.2623712381337104,0.8068,4.1932,0.8068,0.19240675379185346
2020-12-10,2021-01-15,ok,354.0,349.0,5.1,4.08,366.73,375.7,0.9791999999999996,4.0208,0.9791999999999996,0.24353362514922391,0.9391999999999996,4.0608,0.9391999999999996,0.23128447596532692,1.0191999999999997,3.9808000000000003,1.0191999999999997,0.2560289389067523,0.8155999999999997,4.1844,0.8155999999999997,0.1949144441258005
2020-12-17,2021-01-15,ok,361.0,356.0,4.29,3.38,372.24,375.7,0.8692000000000002,4.1308,0.8692000000000002,0.21041928924179343,0.8292000000000002,4.1708,0.8292000000000002,0.19881077970653116,0.9092000000000001,4.0908,0.9092000000000001,0.22225481568397384,0.7358000000000002,4.2642,0.7358000000000002,0.17255288213498435
2020-12-24,2021-02-19,ok,354.0,349.0,6.26,5.3,369.0,390.03,0.9192,4.0808,0.9192,0.22524995099000197,0.8792,4.1208,0.8792,0.2133566297806251,0.9591999999999999,4.0408,0.9591999999999999,0.23737873688378539,0.708,4.292,0.708,0.16495806150978565
2021-01-04,2021-02-19,ok,352.0,347.0,6.26,5.31,368.79,390.03,0.9092000000000002,4.0908,0.9092000000000002,0.22225481568397387,0.8692000000000002,4.1308,0.8692000000000002,0.21041928924179343,0.9492000000000002,4.0508,0.9492000000000002,0.23432408413152964,0.6978000000000002,4.3022,0.6978000000000002,0.16219608572358332
2021-01-11,2021-02-19,ok,365.0,360.0,5.72,4.77,378.69,390.03,0.9092000000000002,4.0908,0.9092000000000002,0.22225481568397387,0.8692000000000002,4.1308,0.8692000000000002,0.21041928924179343,0.9492000000000002,4.0508,0.9492000000000002,0.23432408413152964,0.7194000000000003,4.2806,0.7194000000000003,0.1680605522590292
2021-01-19,2021-02-19,ok,366.0,361.0,4.66,3.81,378.65,390.03,0.8092000000000001,4.190799999999999,0.8092000000000001,0.193089624892622,0.7692000000000001,4.2308,0.7692000000000001,0.18180958683936846,0.8492000000000001,4.1508,0.8492000000000001,0.20458706755324274,0.6598000000000002,4.340199999999999,0.6598000000000002,0.1520206442099443
2021-01-26,2021-03-19,ok,368.0,363.0,7.21,6.22,383.79,389.48,0.9492000000000003,4.0508,0.9492000000000003,0.23432408413152966,0.9092000000000002,4.0908,0.9092000000000002,0.22225481568397387,0.9892000000000002,4.0108,0.9892000000000002,0.2466340879625013,0.7006000000000002,4.2993999999999994,0.7006000000000002,0.16295297018188593
2021-02-02,2021-03-19,ok,365.0,360.0,7.01,6.05,381.55,389.48,0.9192,4.0808,0.9192,0.22524995099000197,0.8792,4.1208,0.8792,0.2133566297806251,0.9591999999999999,4.0408,0.9591999999999999,0.23737873688378539,0.6779999999999999,4.322,0.6779999999999999,0.15687181860249882
2021-02-09,2021-03-19,ok,377.0,372.0,5.48,4.59,390.25,389.48,0.8492000000000006,4.150799999999999,0.8492000000000006,0.20458706755324294,0.8092000000000006,4.190799999999999,0.8092000000000006,0.1930896248926221,0.8892000000000005,4.110799999999999,0.8892000000000005,0.21630826116571,0.6678000000000006,4.332199999999999,0.6678000000000006,0.15414800794053846
2021-02-17,2021-04-16,ok,376.0,371.0,7.08,6.15,392.39,417.26,0.8891999999999998,4.1108,0.8891999999999998,0.21630826116570978,0.8491999999999997,4.1508,0.8491999999999997,0.20458706755324266,0.9291999999999997,4.0708,0.9291999999999997,0.22825980151321598,0.6445999999999996,4.3554,0.6445999999999996,0.1480001836800293
2021-02-24,2021-04-16,ok,377.0,372.0,6.51,5.54,391.77,417.26,0.9291999999999998,4.0708,0.9291999999999998,0.228259801513216,0.8891999999999998,4.1108,0.8891999999999998,0.21630826116570978,0.9691999999999997,4.0308,0.9691999999999997,0.24044854619430378,0.7081999999999997,4.2918,0.7081999999999997,0.1650123491309007
2021-03-03,2021-04-16,ok,365.0,360.0,6.81,5.81,381.42,417.26,0.9592,4.0408,0.9592,0.2373787368837854,0.9192,4.0808,0.9192,0.22524995099000197,0.9992,4.0008,0.9992,0.249750049990002,0.7268,4.2732,0.7268,0.17008330993166712
2021-03-10,2021-04-16,ok,376.0,371.0,5.49,4.54,389.58,417.26,0.9092000000000002,4.0908,0.9092000000000002,0.22225481568397387,0.8692000000000002,4.1308,0.8692000000000002,0.21041928924179343,0.9492000000000002,4.0508,0.9492000000000002,0.23432408413152964,0.7286000000000001,4.2714,0.7286000000000001,0.1705763918153299
2021-03-17,2021-04-16,ok,386.0,381.0,3.92,3.07,397.26,417.26,0.8092000000000001,4.190799999999999,0.8092000000000001,0.193089624892622,0.7692000000000001,4.2308,0.7692000000000001,0.18180958683936846,0.8492000000000001,4.1508,0.8492000000000001,0.20458706755324274,0.6894000000000001,4.3106,0.6894000000000001,0.15993133206514176
2021-03-24,2021-05-21,ok,372.0,367.0,6.47,5.53,387.52,414.94,0.8991999999999996,4.1008000000000004,0.8991999999999996,0.2192742879438157,0.8591999999999995,4.1408000000000005,0.8591999999999995,0.2074961360123646,0.9391999999999995,4.0608,0.9391999999999995,0.2312844759653269,0.6791999999999995,4.3208,0.6791999999999995,0.15719311238659495
2021-03-31,2021-05-21,ok,382.0,377.0,5.2,4.33,396.33,414.94,0.8292000000000002,4.1708,0.8292000000000002,0.19881077970653116,0.7892000000000001,4.2108,0.7892000000000001,0.18742281751686143,0.8692000000000001,4.1308,0.8692000000000001,0.2104192892417934,0.6586000000000001,4.3414,0.6586000000000001,0.15170221587506336
2021-04-08,2021-05-21,ok,397.0,392.0,4.35,3.6,408.52,414.94,0.7091999999999996,4.290800000000001,0.7091999999999996,0.165283863149063,0.6691999999999996,4.3308,0.6691999999999996,0.15452110464579283,0.7491999999999995,4.250800000000001,0.7491999999999995,0.1762491766255762,0.5701999999999996,4.4298,0.5701999999999996,0.1287191295318072
2021-04-15,2021-05-21,ok,405.0,400.0,3.83,3.01,415.87,414.94,0.7792000000000003,4.2208,0.7792000000000003,0.184609552691433,0.7392000000000003,4.2608,0.7392000000000003,0.1734885467517838,0.8192000000000003,4.1808,0.8192000000000003,0.1959433601224647,0.6624000000000003,4.3376,0.6624000000000003,0.15271117668756923
2021-04-22,2021-06-18,ok,397.0,392.0,6.52,5.55,412.27,414.92,0.9291999999999998,4.0708,0.9291999999999998,0.228259801513216,0.8891999999999998,4.1108,0.8891999999999998,0.21630826116570978,0.9691999999999997,4.0308,0.9691999999999997,0.24044854619430378,0.7077999999999998,4.2922,0.7077999999999998,0.16490377894785885
2021-04-29,2021-06-18,ok,407.0,402.0,5.79,4.84,420.06,414.92,0.9092000000000002,4.0908,0.9092000000000002,0.22225481568397387,0.8692000000000002,4.1308,0.8692000000000002,0.21041928924179343,0.9492000000000002,4.0508,0.9492000000000002,0.23432408413152964,0.7166000000000001,4.2834,0.7166000000000001,0.16729700705047393
2021-05-06,2021-06-18,ok,406.0,401.0,5.33,4.42,419.07,414.92,0.8692000000000002,4.1308,0.8692000000000002,0.21041928924179343,0.8292000000000002,4.1708,0.8292000000000002,0.19881077970653116,0.9092000000000001,4.0908,0.9092000000000001,0.22225481568397384,0.6942000000000002,4.3058,0.6942000000000002,0.16122439500209026
2021-05-13,2021-06-18,ok,396.0,391.0,6.06,5.07,410.28,414.92,0.9491999999999994,4.050800000000001,0.9491999999999994,0.2343240841315294,0.9091999999999993,4.090800000000001,0.9091999999999993,0.2222548156839736,0.9891999999999993,4.010800000000001,0.9891999999999993,0.24663408796250103,0.7465999999999993,4.253400000000001,0.7465999999999993,0.1755301641040107
2021-05-20,2021-07-16,ok,399.0,394.0,6.97,6.06,415.28,431.34,0.8692000000000002,4.1308,0.8692000000000002,0.21041928924179343,0.8292000000000002,4.1708,0.8292000000000002,0.19881077970653116,0.9092000000000001,4.0908,0.9092000000000001,0.22225481568397384,0.6286000000000002,4.3713999999999995,0.6286000000000002,0.14379832547925156
2021-05-27,2021-07-16,ok,406.0,401.0,5.21,4.28,419.29,431.34,0.8891999999999998,4.1108,0.8891999999999998,0.21630826116570978,0.8491999999999997,4.1508,0.8491999999999997,0.20458706755324266,0.9291999999999997,4.0708,0.9291999999999997,0.22825980151321598,0.7193999999999997,4.280600000000001,0.7193999999999997,0.16806055225902902
2021-06-04,2021-07-16,ok,411.0,406.0,4.52,3.67,422.6,431.34,0.8091999999999997,4.1908,0.8091999999999997,0.19308962489262185,0.7691999999999997,4.2308,0.7691999999999997,0.18180958683936835,0.8491999999999996,4.1508,0.8491999999999996,0.20458706755324266,0.6653999999999997,4.3346,0.6653999999999997,0.15350897429981997
2021-06-11,2021-07-16,ok,414.0,409.0,3.64,2.88,424.31,431.34,0.7192000000000003,4.280799999999999,0.7192000000000003,0.16800598019061866,0.6792000000000002,4.3208,0.6792000000000002,0.1571931123865951,0.7592000000000002,4.2408,0.7592000000000002,0.17902282588190913,0.6088000000000002,4.3911999999999995,0.6088000000000002,0.1386409182000365
2021-06-18,2021-07-16,ok,403.0,398.0,4.13,3.31,414.92,431.34,0.7791999999999999,4.2208000000000006,0.7791999999999999,0.18460955269143287,0.7391999999999999,4.2608,0.7391999999999999,0.17348854675178368,0.8191999999999998,4.1808000000000005,0.8191999999999998,0.19594336012246452,0.6503999999999999,4.349600000000001,0.6503999999999999,0.1495309913555269
2021-06-25,2021-08-20,ok,413.0,408.0,4.74,3.98,426.61,443.36,0.7192000000000003,4.280799999999999,0.7192000000000003,0.16800598019061866,0.6792000000000002,4.3208,0.6792000000000002,0.1571931123865951,0.7592000000000002,4.2408,0.7592000000000002,0.17902282588190913,0.5648000000000002,4.4352,0.5648000000000002,0.1273448773448774
2021-07-02,2021-08-20,ok,422.0,417.0,4.42,3.66,433.72,443.36,0.7191999999999998,4.2808,0.7191999999999998,0.16800598019061852,0.6791999999999998,4.3208,0.6791999999999998,0.15719311238659503,0.7591999999999998,4.2408,0.7591999999999998,0.17902282588190901,0.5775999999999998,4.4224000000000006,0.5775999999999998,0.13060781476121555
2021-07-12,2021-08-20,ok,426.0,421.0,4.17,3.42,437.08,443.36,0.7092,4.2908,0.7092,0.16528386314906313,0.6692,4.3308,0.6692,0.15452110464579294,0.7492,4.2508,0.7492,0.17624917662557635,0.5774,4.4226,0.5774,0.13055668611224167
2021-07-19,2021-08-20,ok,411.0,406.0,5.26,4.4,424.97,443.36,0.8191999999999995,4.1808000000000005,0.8191999999999995,0.19594336012246447,0.7791999999999994,4.2208000000000006,0.7791999999999994,0.18460955269143275,0.8591999999999994,4.1408000000000005,0.8591999999999994,0.2074961360123646,0.6459999999999995,4.354000000000001,0.6459999999999995,0.14836931557188776
2021-07-26,2021-09-17,ok,426.0,421.0,5.93,5.11,441.02,441.4,0.7791999999999994,4.2208000000000006,0.7791999999999994,0.18460955269143275,0.7391999999999994,4.260800000000001,0.7391999999999994,0.17348854675178355,0.8191999999999994,4.1808000000000005,0.8191999999999994,0.19594336012246444,0.5783999999999994,4.421600000000001,0.5783999999999994,0.13081237561063852
2021-08-02,2021-09-17,ok,423.0,418.0,6.0,5.13,437.59,441.4,0.8292000000000002,4.1708,0.8292000000000002,0.19881077970653116,0.7892000000000001,4.2108,0.7892000000000001,0.18742281751686143,0.8692000000000001,4.1308,0.8692000000000001,0.2104192892417934,0.6266,4.3734,0.6266,0.14327525495038185
2021-08-09,2021-09-17,ok,430.0,425.0,4.7,3.91,442.13,441.4,0.7492000000000001,4.2508,0.7492000000000001,0.17624917662557638,0.7092,4.2908,0.7092,0.16528386314906313,0.7892,4.2108,0.7892,0.1874228175168614,0.597,4.4030000000000005,0.597,0.13558937088348852
2021-08-16,2021-09-17,ok,436.0,431.0,3.82,3.09,446.97,441.4,0.6892,4.3108,0.6892,0.15987751693421173,0.6492,4.3508,0.6492,0.14921393766663604,0.7292,4.2708,0.7292,0.1707408448065936,0.571,4.429,0.571,0.12892300745089183
2021-08-23,2021-10-15,ok,433.0,428.0,6.03,5.2,447.26,445.87,0.7892000000000001,4.2108,0.7892000000000001,0.18742281751686143,0.7492000000000001,4.2508,0.7492000000000001,0.17624917662557638,0.8292,4.1708,0.8292,0.19881077970653113,0.5846,4.4154,0.5846,0.13240023553924898
2021-08-30,2021-10-15,ok,439.0,434.0,5.08,4.28,452.23,445.87,0.7591999999999999,4.2408,0.7591999999999999,0.17902282588190904,0.7191999999999998,4.2808,0.7191999999999998,0.16800598019061852,0.7991999999999998,4.2008,0.7991999999999998,0.19024947629023037,0.5919999999999999,4.408,0.5919999999999999,0.13430127041742282
2021-09-07,2021-10-15,ok,438.0,433.0,4.63,3.9,451.46,445.87,0.6892,4.3108,0.6892,0.15987751693421173,0.6492,4.3508,0.6492,0.14921393766663604,0.7292,4.2708,0.7292,0.1707408448065936,0.5386,4.4614,0.5386,0.12072443627560854
2021-09-14,2021-10-15,ok,432.0,427.0,4.93,4.07,444.17,445.87,0.8191999999999995,4.1808000000000005,0.8191999999999995,0.19594336012246447,0.7791999999999994,4.2208000000000006,0.7791999999999994,0.18460955269143275,0.8591999999999994,4.1408000000000005,0.8591999999999994,0.2074961360123646,0.6591999999999995,4.340800000000001,0.6591999999999995,0.15186140803538503
2021-09-21,2021-11-19,ok,414.0,409.0,8.13,7.16,433.63,468.89,0.9292000000000007,4.070799999999999,0.9292000000000007,0.2282598015132163,0.8892000000000007,4.110799999999999,0.8892000000000007,0.21630826116571003,0.9692000000000006,4.030799999999999,0.9692000000000006,0.24044854619430406,0.6434000000000006,4.356599999999999,0.6434000000000006,0.14768397374099085
2021-09-28,2021-11-19,ok,416.0,411.0,7.52,6.5,433.72,468.89,0.9791999999999996,4.0208,0.9791999999999996,0.24353362514922391,0.9391999999999996,4.0608,0.9391999999999996,0.23128447596532692,1.0191999999999997,3.9808000000000003,1.0191999999999997,0.2560289389067523,0.7187999999999996,4.2812,0.7187999999999996,0.16789685135008864
2021-10-05,2021-11-19,ok,417.0,412.0,6.52,5.56,433.1,468.89,0.9192,4.0808,0.9192,0.22524995099000197,0.8792,4.1208,0.8792,0.2133566297806251,0.9591999999999999,4.0408,0.9591999999999999,0.23737873688378539,0.6976,4.3024000000000004,0.6976,0.1621420602454444
2021-10-12,2021-11-19,ok,420.0,415.0,5.42,4.47,433.62,468.89,0.9092000000000002,4.0908,0.9092000000000002,0.22225481568397387,0.8692000000000002,4.1308,0.8692000000000002,0.21041928924179343,0.9492000000000002,4.0508,0.9492000000000002,0.23432408413152964,0.7314000000000003,4.268599999999999,0.7314000000000003,0.17134423464367718
2021-10-19,2021-11-19,ok,440.0,435.0,3.61,2.88,450.64,468.89,0.6892,4.3108,0.6892,0.15987751693421173,0.6492,4.3508,0.6492,0.14921393766663604,0.7292,4.2708,0.7292,0.1707408448065936,0.5794,4.4206,0.5794,0.131068180789938
2021-10-26,2021-12-17,ok,442.0,437.0,6.03,5.12,455.96,459.87,0.8692000000000002,4.1308,0.8692000000000002,0.21041928924179343,0.8292000000000002,4.1708,0.8292000000000002,0.19881077970653116,0.9092000000000001,4.0908,0.9092000000000001,0.22225481568397384,0.6662000000000001,4.3338,0.6662000000000001,0.1537219068715677
2021-11-02,2021-12-17,ok,449.0,444.0,5.53,4.62,461.9,459.87,0.8692000000000002,4.1308,0.8692000000000002,0.21041928924179343,0.8292000000000002,4.1708,0.8292000000000002,0.19881077970653116,0.9092000000000001,4.0908,0.9092000000000001,0.22225481568397384,0.6862000000000001,4.3138,0.6862000000000001,0.15907088877555756
2021-11-09,2021-12-17,ok,454.0,449.0,5.27,4.39,467.38,459.87,0.8392,4.1608,0.8392,0.201691982311094,0.7991999999999999,4.2008,0.7991999999999999,0.1902494762902304,0.8791999999999999,4.1208,0.8791999999999999,0.21335662978062508,0.6659999999999999,4.334,0.6659999999999999,0.15366866635902168
2021-11-16,2021-12-17,ok,458.0,453.0,4.4,3.52,469.28,459.87,0.8392000000000004,4.1608,0.8392000000000004,0.20169198231109411,0.7992000000000004,4.200799999999999,0.7992000000000004,0.19024947629023056,0.8792000000000003,4.1208,0.8792000000000003,0.2133566297806252,0.7008000000000003,4.2992,0.7008000000000003,0.16300707108299226
2021-11-23,2022-01-21,ok,450.0,445.0,6.93,6.05,468.19,437.98,0.8392,4.1608,-4.2016,-1.0098058065756585,0.7991999999999999,4.2008,-4.2816,-1.0192344315368502,0.8791999999999999,4.1208,-4.1216,-1.000194137060765,0.5995999999999999,4.4004,-4.802,-1.0912644305063175
2021-12-01,2022-01-21,ok,427.0,422.0,9.7,8.7,450.5,437.98,0.9592,4.0408,0.9592,0.2373787368837854,0.9192,4.0808,0.9192,0.22524995099000197,0.9992,4.0008,0.9992,0.249750049990002,0.6112,4.3888,0.6112,0.13926358002187386
2021-12-08,2022-01-21,ok,454.0,449.0,6.28,5.35,469.52,437.98,0.8892000000000007,4.110799999999999,-4.151599999999999,-1.0099250754111122,0.8492000000000006,4.150799999999999,-4.231599999999999,-1.0194661270116605,0.9292000000000006,4.070799999999999,-4.071599999999999,-1.000196521568242,0.6766000000000005,4.3233999999999995,-4.884999999999999,-1.129897765647407
2021-12-15,2022-01-21,ok,456.0,451.0,5.41,4.52,470.6,437.98,0.8492000000000006,4.150799999999999,-4.191599999999999,-1.0098294304712345,0.8092000000000006,4.190799999999999,-4.271599999999999,-1.0192803283382648,0.8892000000000005,4.110799999999999,-4.111599999999999,-1.0001946093217864,0.6706000000000005,4.3294,-4.970999999999999,-1.1481960548805838
2021-12-22,2022-02-18,ok,451.0,446.0,7.59,6.64,467.69,434.23,0.9092000000000002,4.0908,-4.1316,-1.0099735992959813,0.8692000000000002,4.1308,-4.2116,-1.0195603757141474,0.9492000000000002,4.0508,-4.0516,-1.000197491853461,0.6446000000000002,4.3553999999999995,-4.946999999999999,-1.135831381733021
2021-12-30,2022-02-18,ok,461.0,456.0,5.95,5.1,476.16,434.23,0.8092000000000006,4.190799999999999,-4.231599999999999,-1.0097356113391238,0.7692000000000005,4.2307999999999995,-4.311599999999999,-1.0190980429233243,0.8492000000000005,4.150799999999999,-4.151599999999999,-1.0001927339308085,0.6082000000000005,4.3918,-5.383399999999999,-1.2257844164124048
2022-01-06,2022-02-18,ok,454.0,449.0,6.57,5.59,467.94,434.23,0.9392000000000005,4.0607999999999995,-4.1015999999999995,-1.010047281323877,0.8992000000000004,4.1008,-4.1815999999999995,-1.0197034724931722,0.9792000000000004,4.0207999999999995,-4.021599999999999,-1.0001989653800238,0.7160000000000004,4.284,-4.9956,-1.1661064425770307
2022-01-13,2022-02-18,ok,451.0,446.0,5.97,4.98,464.53,434.23,0.9491999999999994,4.050800000000001,-4.091600000000001,-1.0100720845265132,0.9091999999999993,4.090800000000001,-4.171600000000001,-1.019751637821453,0.9891999999999993,4.010800000000001,-4.0116000000000005,-1.000199461454074,0.7501999999999993,4.2498000000000005,-4.8414,-1.1392065508965128
2022-02-04,2022-03-18,ok,433.0,428.0,8.02,6.91,448.7,444.52,1.0691999999999995,3.9308000000000005,1.0691999999999995,0.2720056985855295,1.0291999999999994,3.9708000000000006,1.0291999999999994,0.2591921023471339,1.1091999999999995,3.8908000000000005,1.1091999999999995,0.2850827593297007,0.7905999999999994,4.2094000000000005,0.7905999999999994,0.1878177412457831
2022-03-28,2022-05-20,ok,441.0,436.0,7.65,6.63,455.91,389.63,0.9792000000000005,4.0207999999999995,-4.061599999999999,-1.0101472343812177,0.9392000000000005,4.0607999999999995,-4.1415999999999995,-1.0198975571315996,1.0192000000000005,3.9807999999999995,-3.9815999999999994,-1.000200964630225,0.7136000000000005,4.2863999999999995,-6.262,-1.4608995893990295
2022-04-04,2022-05-20,ok,443.0,438.0,6.23,5.24,456.8,389.63,0.9492000000000003,4.0508,-4.0916,-1.0100720845265132,0.9092000000000002,4.0908,-4.1716,-1.019751637821453,0.9892000000000002,4.0108,-4.0116,-1.000199461454074,0.7398000000000002,4.260199999999999,-6.315799999999999,-1.4825125580958642
2023-01-27,2023-03-17,ok,395.0,390.0,6.11,4.94,405.68,389.99,1.1292,3.8708,-3.9116,-1.010540456753126,1.0892,3.9108,-3.9916,-1.020660734376598,1.1692,3.8308,-3.8316,-1.0002088336639867,0.9281999999999999,4.0718,-4.193,-1.0297657055847538
2023-02-03,2023-03-17,ok,402.0,397.0,5.68,4.53,412.35,389.99,1.1091999999999995,3.8908000000000005,-3.9316000000000004,-1.0104862753161303,1.0691999999999995,3.9308000000000005,-4.0116000000000005,-1.0205556120891421,1.1491999999999996,3.8508000000000004,-3.8516000000000004,-1.0002077490391608,0.9249999999999995,4.075,-4.4761999999999995,-1.0984539877300612
2023-02-10,2023-03-17,ok,397.0,392.0,5.82,4.59,408.04,389.99,1.1892000000000005,3.8107999999999995,-3.8515999999999995,-1.0107064133515273,1.1492000000000004,3.8507999999999996,-3.9315999999999995,-1.0209826529552302,1.2292000000000005,3.7707999999999995,-3.7715999999999994,-1.0002121565715498,1.0010000000000003,3.9989999999999997,-4.2002,-1.0503125781445362
2023-02-17,2023-03-17,ok,398.0,393.0,5.0,3.8,407.26,389.99,1.1592000000000002,3.8407999999999998,-3.8815999999999997,-1.0106227869193918,1.1192000000000002,3.8808,-3.9616,-1.020820449391878,1.1992000000000003,3.8007999999999997,-3.8015999999999996,-1.0002104820037887,1.0032,3.9968,-4.2379999999999995,-1.0603482786228982
2023-02-27,2023-04-21,ok,385.0,380.0,6.61,5.37,397.73,412.2,1.1992000000000003,3.8007999999999997,1.1992000000000003,0.3155125236792255,1.1592000000000002,3.8407999999999998,1.1592000000000002,0.3018121224744846,1.2392000000000003,3.7607999999999997,1.2392000000000003,0.32950436077430345,0.9796000000000002,4.0203999999999995,0.9796000000000002,0.24365734752760929
2023-03-06,2023-04-21,ok,394.0,389.0,5.8,4.55,404.47,412.2,1.2092,3.7908,1.2092,0.31898280046428196,1.1692,3.8308,1.1692,0.30521039991646653,1.2492,3.7508,1.2492,0.33304894955742775,1.0222,3.9778000000000002,1.0222,0.25697621800995524
2023-03-20,2023-04-21,ok,382.0,377.0,5.67,4.58,393.74,412.2,1.0492,3.9508,1.0492,0.26556646755087576,1.0091999999999999,3.9908,1.0091999999999999,0.25288162774381073,1.0892,3.9108,1.0892,0.2785107906310729,0.8641999999999999,4.1358,0.8641999999999999,0.20895594564534067
2023-03-27,2023-05-19,ok,384.0,379.0,6.57,5.41,396.49,418.62,1.1192000000000002,3.8808,1.1192000000000002,0.28839414553700277,1.0792000000000002,3.9208,1.0792000000000002,0.2752499489900021,1.1592000000000002,3.8407999999999998,1.1592000000000002,0.3018121224744846,0.8996000000000002,4.1004,0.8996000000000002,0.2193932299287875
2023-04-03,2023-05-19,ok,400.0,395.0,5.48,4.42,410.95,418.62,1.0192000000000005,3.9807999999999995,1.0192000000000005,0.2560289389067526,0.9792000000000005,4.0207999999999995,0.9792000000000005,0.2435336251492242,1.0592000000000006,3.9407999999999994,1.0592000000000006,0.2687779131140887,0.8412000000000005,4.158799999999999,0.8412000000000005,0.20226988554390704
2023-04-11,2023-05-19,ok,400.0,395.0,5.1,4.02,409.72,418.62,1.0392000000000001,3.9608,1.0392000000000001,0.2623712381337104,0.9992000000000001,4.0008,0.9992000000000001,0.24975004999000203,1.0792000000000002,3.9208,1.0792000000000002,0.2752499489900021,0.8768,4.1232,0.8768,0.21265036864571207
2023-04-18,2023-05-19,ok,406.0,401.0,3.92,2.94,414.21,418.62,0.9392,4.0608,0.9392,0.231284475965327,0.8992,4.1008,0.8992,0.21927428794381587,0.9792,4.0208,0.9792,0.243533625149224,0.8220000000000001,4.178,0.8220000000000001,0.19674485399712782
2023-04-25,2023-06-16,ok,395.0,390.0,6.15,5.16,406.08,439.46,0.9492000000000003,4.0508,0.9492000000000003,0.23432408413152966,0.9092000000000002,4.0908,0.9092000000000002,0.22225481568397387,0.9892000000000002,4.0108,0.9892000000000002,0.2466340879625013,0.7430000000000002,4.257,0.7430000000000002,0.17453605825698856
2023-05-02,2023-06-16,ok,401.0,396.0,5.94,4.9,410.84,439.46,0.9992000000000001,4.0008,0.9992000000000001,0.24975004999000203,0.9592,4.0408,0.9592,0.2373787368837854,1.0392000000000001,3.9608,1.0392000000000001,0.2623712381337104,0.8024,4.1975999999999996,0.8024,0.19115685153421005
2023-05-09,2023-06-16,ok,402.0,397.0,5.44,4.43,410.93,439.46,0.9692000000000007,4.030799999999999,0.9692000000000007,0.24044854619430409,0.9292000000000007,4.070799999999999,0.9292000000000007,0.2282598015132163,1.0092000000000008,3.9907999999999992,1.0092000000000008,0.252881627743811,0.7918000000000007,4.2082,0.7918000000000007,0.18815645644218448
2023-05-16,2023-06-16,ok,401.0,396.0,4.36,3.42,410.25,439.46,0.8992000000000004,4.1008,0.8992000000000004,0.21927428794381598,0.8592000000000004,4.1408,0.8592000000000004,0.20749613601236488,0.9392000000000004,4.0607999999999995,0.9392000000000004,0.23128447596532714,0.7636000000000004,4.2364,0.7636000000000004,0.18024737985081685
2023-05-23,2023-07-21,ok,402.0,397.0,6.26,5.3,414.09,452.18,0.9192,4.0808,0.9192,0.22524995099000197,0.8792,4.1208,0.8792,0.2133566297806251,0.9591999999999999,4.0408,0.9591999999999999,0.23737873688378539,0.708,4.292,0.708,0.16495806150978565
2023-05-31,2023-07-21,ok,407.0,402.0,5.48,4.5,417.85,452.18,0.9392000000000005,4.0607999999999995,0.9392000000000005,0.23128447596532717,0.8992000000000004,4.1008,0.8992000000000004,0.21927428794381598,0.9792000000000004,4.0207999999999995,0.9792000000000004,0.24353362514922416,0.7596000000000005,4.240399999999999,0.7596000000000005,0.1791340439581173
2023-06-07,2023-07-21,ok,419.0,414.0,4.16,3.18,426.55,452.18,0.9392,4.0608,0.9392,0.231284475965327,0.8992,4.1008,0.8992,0.21927428794381587,0.9792,4.0208,0.9792,0.243533625149224,0.8124,4.1876,0.8124,0.19400133728149777
2023-06-14,2023-07-21,ok,430.0,425.0,3.65,2.63,437.18,452.18,0.9792000000000001,4.0207999999999995,0.9792000000000001,0.24353362514922408,0.9392,4.0608,0.9392,0.231284475965327,1.0192,3.9808,1.0192,0.25602893890675243,0.8736,4.1264,0.8736,0.211709965102753
2023-06-22,2023-08-18,ok,429.0,424.0,4.98,3.97,436.51,436.5,0.9692000000000003,4.030799999999999,0.9692000000000003,0.24044854619430397,0.9292000000000002,4.0708,0.9292000000000002,0.22825980151321612,1.0092000000000003,3.9907999999999997,1.0092000000000003,0.25288162774381084,0.8102000000000003,4.1898,0.8102000000000003,0.19337438541219157
2023-06-29,2023-08-18,ok,430.0,425.0,4.14,3.23,438.11,436.5,0.8691999999999998,4.130800000000001,0.8691999999999998,0.21041928924179326,0.8291999999999997,4.1708,0.8291999999999997,0.19881077970653105,0.9091999999999997,4.090800000000001,0.9091999999999997,0.22225481568397368,0.7417999999999997,4.2582,0.7417999999999997,0.1742050631722323
2023-07-07,2023-08-18,ok,430.0,425.0,3.96,3.07,438.55,436.5,0.8492000000000002,4.1508,0.8492000000000002,0.20458706755324277,0.8092000000000001,4.190799999999999,0.8092000000000001,0.193089624892622,0.8892000000000001,4.1108,0.8892000000000001,0.21630826116570984,0.7286000000000001,4.2714,0.7286000000000001,0.1705763918153299
2023-07-21,2023-09-15,ok,443.0,438.0,4.66,3.74,452.18,443.37,0.8792,4.1208,0.8792,0.2133566297806251,0.8392,4.1608,0.8392,0.201691982311094,0.9191999999999999,4.0808,0.9191999999999999,0.22524995099000195,0.7312,4.2688,0.7312,0.17128935532233883
2023-07-28,2023-09-15,ok,449.0,444.0,4.4,3.42,456.92,443.37,0.9392000000000005,4.0607999999999995,-4.1015999999999995,-1.010047281323877,0.8992000000000004,4.1008,-4.1815999999999995,-1.0197034724931722,0.9792000000000004,4.0207999999999995,-4.021599999999999,-1.0001989653800238,0.8028000000000004,4.1972,-4.3431999999999995,-1.0347850948251216
2023-08-04,2023-09-15,ok,437.0,432.0,4.88,3.93,446.81,443.37,0.9091999999999998,4.0908,0.9091999999999998,0.22225481568397376,0.8691999999999998,4.130800000000001,0.8691999999999998,0.21041928924179326,0.9491999999999997,4.050800000000001,0.9491999999999997,0.23432408413152947,0.7529999999999997,4.247,0.7529999999999997,0.17730162467624197
2023-08-11,2023-09-15,ok,438.0,433.0,4.24,3.23,445.65,443.37,0.9692000000000003,4.030799999999999,0.9692000000000003,0.24044854619430397,0.9292000000000002,4.0708,0.9292000000000002,0.22825980151321612,1.0092000000000003,3.9907999999999997,1.0092000000000003,0.25288162774381084,0.8398000000000002,4.1602,0.8398000000000002,0.20186529493774344
2023-08-18,2023-09-15,ok,428.0,423.0,4.24,3.15,436.5,443.37,1.0492000000000004,3.9507999999999996,1.0492000000000004,0.2655664675508759,1.0092000000000003,3.9907999999999997,1.0092000000000003,0.25288162774381084,1.0892000000000004,3.9107999999999996,1.0892000000000004,0.27851079063107304,0.9214000000000003,4.0786,0.9214000000000003,0.2259108517628599
2023-08-25,2023-10-20,ok,430.0,425.0,5.82,4.73,439.97,421.19,1.0492,3.9508,-3.9916,-1.0103270223752152,1.0091999999999999,3.9908,-4.0716,-1.02024656710434,1.0892,3.9108,-3.9116,-1.000204561726501,0.8581999999999999,4.1418,-4.415,-1.0659616591819983
2023-09-01,2023-10-20,ok,443.0,438.0,4.57,3.52,451.19,421.19,1.0092000000000003,3.9907999999999997,-4.0316,-1.0102235140823896,0.9692000000000003,4.030799999999999,-4.111599999999999,-1.0200456485065,1.0492000000000004,3.9507999999999996,-3.9515999999999996,-1.0002024906348082,0.8674000000000003,4.1326,-4.925800000000001,-1.191937279194696
2023-09-11,2023-10-20,ok,441.0,436.0,4.15,3.08,448.45,421.19,1.0292000000000003,3.9707999999999997,-4.0116,-1.0102750075551525,0.9892000000000003,4.0108,-4.0916,-1.020145606861474,1.0692000000000004,3.9307999999999996,-3.9315999999999995,-1.0002035209117737,0.9046000000000003,4.0954,-4.8086,-1.1741466035063732
2023-09-18,2023-10-20,ok,436.0,431.0,3.23,2.34,443.63,421.19,0.8492000000000002,4.1508,-4.1916,-1.0098294304712345,0.8092000000000001,4.190799999999999,-4.271599999999999,-1.0192803283382648,0.8892000000000001,4.1108,-4.1116,-1.0001946093217864,0.7578000000000001,4.2421999999999995,-4.7554,-1.120974965819622
2023-09-25,2023-11-17,ok,422.0,417.0,5.47,4.41,432.23,450.79,1.0191999999999997,3.9808000000000003,1.0191999999999997,0.2560289389067523,0.9791999999999996,4.0208,0.9791999999999996,0.24353362514922391,1.0591999999999997,3.9408000000000003,1.0591999999999997,0.2687779131140884,0.8415999999999997,4.1584,0.8415999999999997,0.2023855328972681
2023-10-02,2023-11-17,ok,417.0,412.0,5.17,4.09,427.31,450.79,1.0392000000000001,3.9608,1.0392000000000001,0.2623712381337104,0.9992000000000001,4.0008,0.9992000000000001,0.24975004999000203,1.0792000000000002,3.9208,1.0792000000000002,0.2752499489900021,0.8740000000000001,4.1259999999999994,0.8740000000000001,0.21182743577314597
2023-10-09,2023-11-17,ok,422.0,417.0,4.63,3.59,432.29,450.79,0.9992000000000001,4.0008,0.9992000000000001,0.24975004999000203,0.9592,4.0408,0.9592,0.2373787368837854,1.0392000000000001,3.9608,1.0392000000000001,0.2623712381337104,0.8548,4.1452,0.8548,0.2062144166747081
2023-10-16,2023-11-17,ok,427.0,422.0,4.07,3.11,436.04,450.79,0.9192000000000005,4.0808,0.9192000000000005,0.22524995099000208,0.8792000000000004,4.120799999999999,0.8792000000000004,0.21335662978062528,0.9592000000000004,4.0408,0.9592000000000004,0.2373787368837855,0.7956000000000004,4.2044,0.7956000000000004,0.18923033013033977
2023-11-06,2023-12-15,ok,427.0,422.0,4.4,3.34,435.69,469.33,1.0192000000000005,3.9807999999999995,1.0192000000000005,0.2560289389067526,0.9792000000000005,4.0207999999999995,0.9792000000000005,0.2435336251492242,1.0592000000000006,3.9407999999999994,1.0592000000000006,0.2687779131140887,0.8844000000000005,4.1156,0.8844000000000005,0.21488968801632827
2023-11-13,2023-12-15,ok,432.0,427.0,3.72,2.7,440.19,469.33,0.9792000000000001,4.0207999999999995,0.9792000000000001,0.24353362514922408,0.9392,4.0608,0.9392,0.231284475965327,1.0192,3.9808,1.0192,0.25602893890675243,0.8708,4.1292,0.8708,0.21088830766250122
2023-11-20,2024-01-19,ok,445.0,440.0,4.86,3.81,454.26,482.43,1.0092000000000003,3.9907999999999997,1.0092000000000003,0.25288162774381084,0.9692000000000003,4.030799999999999,0.9692000000000003,0.24044854619430397,1.0492000000000004,3.9507999999999996,1.0492000000000004,0.2655664675508759,0.8558000000000003,4.1442,0.8558000000000003,0.20650547753486811
2023-11-28,2024-01-19,ok,447.0,442.0,4.4,3.35,454.93,482.43,1.0092000000000003,3.9907999999999997,1.0092000000000003,0.25288162774381084,0.9692000000000003,4.030799999999999,0.9692000000000003,0.24044854619430397,1.0492000000000004,3.9507999999999996,1.0492000000000004,0.2655664675508759,0.8742000000000003,4.1258,0.8742000000000003,0.21188617965000736
2023-12-05,2024-01-19,ok,449.0,444.0,4.37,3.23,456.6,482.43,1.0992000000000002,3.9008,1.0992000000000002,0.2817883511074652,1.0592000000000001,3.9408,1.0592000000000001,0.26877791311408855,1.1392000000000002,3.8608,1.1392000000000002,0.2950683796104435,0.9672000000000001,4.0328,0.9672000000000001,0.23983336639555647
2023-12-12,2024-01-19,ok,457.0,452.0,3.37,2.36,464.1,482.43,0.9692000000000003,4.030799999999999,0.9692000000000003,0.24044854619430397,0.9292000000000002,4.0708,0.9292000000000002,0.22825980151321612,1.0092000000000003,3.9907999999999997,1.0092000000000003,0.25288162774381084,0.8746000000000003,4.1254,0.8746000000000003,0.2120036844912009
2023-12-19,2024-01-19,ok,468.0,463.0,2.87,1.95,474.84,482.43,0.8792000000000002,4.1208,0.8792000000000002,0.21335662978062517,0.8392000000000002,4.1608,0.8392000000000002,0.20169198231109406,0.9192000000000001,4.0808,0.9192000000000001,0.225249950990002,0.8028000000000002,4.1972,0.8028000000000002,0.19127037072333944
2023-12-27,2024-02-16,ok,468.0,463.0,4.21,3.27,476.51,499.51,0.8992,4.1008,0.8992,0.21927428794381587,0.8592,4.1408000000000005,0.8592,0.20749613601236472,0.9391999999999999,4.0608,0.9391999999999999,0.23128447596532697,0.7696,4.2304,0.7696,0.18192133131618757
2024-01-04,2024-02-16,ok,459.0,454.0,4.36,3.33,467.28,499.51,0.9892000000000003,4.0108,0.9892000000000003,0.24663408796250133,0.9492000000000003,4.0508,0.9492000000000003,0.23432408413152966,1.0292000000000003,3.9707999999999997,1.0292000000000003,0.2591921023471342,0.8554000000000003,4.1446,0.8554000000000003,0.20638903633643785
2024-01-11,2024-02-16,ok,469.0,464.0,3.25,2.32,476.35,499.51,0.8892000000000002,4.110799999999999,0.8892000000000002,0.21630826116570992,0.8492000000000002,4.1508,0.8492000000000002,0.20458706755324277,0.9292000000000001,4.0708,0.9292000000000001,0.2282598015132161,0.7978000000000002,4.2021999999999995,0.7978000000000002,0.18985293417733576
2024-01-19,2024-03-15,ok,473.0,468.0,4.69,3.74,482.43,509.67,0.9092000000000002,4.0908,0.9092000000000002,0.22225481568397387,0.8692000000000002,4.1308,0.8692000000000002,0.21041928924179343,0.9492000000000002,4.0508,0.9492000000000002,0.23432408413152964,0.7606000000000002,4.2394,0.7606000000000002,0.1794121809690051
2024-01-26,2024-03-15,ok,479.0,474.0,4.4,3.41,487.41,509.67,0.9492000000000003,4.0508,0.9492000000000003,0.23432408413152966,0.9092000000000002,4.0908,0.9092000000000002,0.22225481568397387,0.9892000000000002,4.0108,0.9892000000000002,0.2466340879625013,0.8130000000000002,4.186999999999999,0.8130000000000002,0.19417243850011948
2024-02-02,2024-03-15,ok,485.0,480.0,4.04,3.09,494.35,509.67,0.9092000000000002,4.0908,0.9092000000000002,0.22225481568397387,0.8692000000000002,4.1308,0.8692000000000002,0.21041928924179343,0.9492000000000002,4.0508,0.9492000000000002,0.23432408413152964,0.7866000000000002,4.2134,0.7866000000000002,0.186690084017658
2024-02-09,2024-03-15,ok,493.0,488.0,3.45,2.47,501.2,509.67,0.9392,4.0608,0.9392,0.231284475965327,0.8992,4.1008,0.8992,0.21927428794381587,0.9792,4.0208,0.9792,0.243533625149224,0.8408,4.1592,0.8408,0.20215426043469897
2024-02-16,2024-03-15,ok,491.0,486.0,3.46,2.47,499.51,509.67,0.9491999999999998,4.050800000000001,0.9491999999999998,0.2343240841315295,0.9091999999999998,4.0908,0.9091999999999998,0.22225481568397376,0.9891999999999997,4.010800000000001,0.9891999999999997,0.24663408796250114,0.8505999999999998,4.1494,0.8505999999999998,0.20499349303513756
2024-02-26,2024-04-19,ok,496.0,491.0,4.65,3.6,505.99,495.16,1.0092000000000003,3.9907999999999997,0.12840000000002533,0.03217400020046741,0.9692000000000003,4.030799999999999,0.0484000000000253,0.01200754192716714,1.0492000000000004,3.9507999999999996,0.20840000000002537,0.052748810367526926,0.8642000000000003,4.1358,-0.013399999999974183,-0.003240001934323271
2024-03-04,2024-04-19,ok,503.0,498.0,4.54,3.44,512.3,495.16,1.0592000000000001,3.9408,-3.9816,-1.010353227771011,1.0192,3.9808,-4.0616,-1.0202974276527332,1.0992000000000002,3.9008,-3.9015999999999997,-1.000205086136177,0.9196000000000001,4.0804,-4.314799999999999,-1.0574453484952453
2024-03-11,2024-04-19,ok,502.0,497.0,4.73,3.62,511.28,495.16,1.0692000000000004,3.9307999999999996,-3.9715999999999996,-1.010379566500458,1.0292000000000003,3.9707999999999997,-4.0516,-1.0203485443739297,1.1092000000000004,3.8907999999999996,-3.8915999999999995,-1.0002056132414927,0.9222000000000004,4.0778,-4.272199999999999,-1.0476727647260775
2024-03-18,2024-04-19,ok,504.0,499.0,3.63,2.67,512.85,495.16,0.9192,4.0808,-4.1216,-1.0099980396000785,0.8792,4.1208,-4.2016,-1.0196078431372548,0.9591999999999999,4.0408,-4.0416,-1.0001979805979013,0.8131999999999999,4.1868,-4.461199999999999,-1.0655393140345846
2024-03-25,2024-05-17,ok,510.0,505.0,4.64,3.63,519.77,529.5,0.9691999999999998,4.0308,0.9691999999999998,0.2404485461943038,0.9291999999999998,4.0708,0.9291999999999998,0.228259801513216,1.0091999999999999,3.9908,1.0091999999999999,0.25288162774381073,0.8237999999999999,4.1762,0.8237999999999999,0.19726066759254823
2024-04-02,2024-05-17,ok,509.0,504.0,4.65,3.65,518.86,529.5,0.9592000000000005,4.040799999999999,0.9592000000000005,0.23737873688378558,0.9192000000000005,4.0808,0.9192000000000005,0.22524995099000208,0.9992000000000004,4.0008,0.9992000000000004,0.2497500499900021,0.8132000000000005,4.1868,0.8132000000000005,0.1942294831374798
2024-04-09,2024-05-17,ok,509.0,504.0,4.19,3.26,519.28,529.5,0.8892000000000007,4.110799999999999,0.8892000000000007,0.21630826116571003,0.8492000000000006,4.150799999999999,0.8492000000000006,0.20458706755324294,0.9292000000000006,4.070799999999999,0.9292000000000006,0.22825980151321626,0.7602000000000007,4.239799999999999,0.7602000000000007,0.17930091042030305
2024-04-16,2024-05-17,ok,492.0,487.0,4.92,3.89,503.46,529.5,0.9891999999999999,4.0108,0.9891999999999999,0.24663408796250122,0.9491999999999998,4.050800000000001,0.9491999999999998,0.2343240841315295,1.0292,3.9708,1.0292,0.259192102347134,0.8329999999999997,4.167,0.8329999999999997,0.1999040076793856
2024-04-23,2024-06-21,ok,494.0,489.0,5.98,4.89,505.62,544.09,1.0492000000000008,3.950799999999999,1.0492000000000008,0.26556646755087604,1.0092000000000008,3.9907999999999992,1.0092000000000008,0.252881627743811,1.0892000000000008,3.910799999999999,1.0892000000000008,0.2785107906310732,0.8518000000000008,4.148199999999999,0.8518000000000008,0.20534207608119207
2024-04-30,2024-06-21,ok,491.0,486.0,5.76,4.66,501.98,544.09,1.0591999999999997,3.9408000000000003,1.0591999999999997,0.2687779131140884,1.0191999999999997,3.9808000000000003,1.0191999999999997,0.2560289389067523,1.0991999999999997,3.9008000000000003,1.0991999999999997,0.28178835110746503,0.8707999999999996,4.129200000000001,0.8707999999999996,0.21088830766250105
2024-05-07,2024-06-21,ok,508.0,503.0,4.64,3.56,517.19,544.09,1.0391999999999997,3.9608000000000003,1.0391999999999997,0.26237123813371027,0.9991999999999996,4.0008,0.9991999999999996,0.24975004999000192,1.0791999999999997,3.9208000000000003,1.0791999999999997,0.27524994899000194,0.8951999999999997,4.1048,0.8951999999999997,0.21808614305203655
2024-05-14,2024-06-21,ok,514.0,509.0,4.01,2.98,523.29,544.09,0.9891999999999999,4.0108,0.9891999999999999,0.24663408796250122,0.9491999999999998,4.050800000000001,0.9491999999999998,0.2343240841315295,1.0292,3.9708,1.0292,0.259192102347134,0.8693999999999998,4.1306,0.8693999999999998,0.2104778966736067
2024-05-21,2024-06-21,ok,524.0,519.0,3.33,2.34,531.36,544.09,0.9492000000000003,4.0508,0.9492000000000003,0.23432408413152966,0.9092000000000002,4.0908,0.9092000000000002,0.22225481568397387,0.9892000000000002,4.0108,0.9892000000000002,0.2466340879625013,0.8558000000000002,4.1442,0.8558000000000002,0.2065054775348681
2024-05-29,2024-07-19,ok,516.0,511.0,5.31,4.27,526.18,548.99,0.9992000000000001,4.0008,0.9992000000000001,0.24975004999000203,0.9592,4.0408,0.9592,0.2373787368837854,1.0392000000000001,3.9608,1.0392000000000001,0.2623712381337104,0.8276000000000001,4.1724,0.8276000000000001,0.19835106892915352
2024-06-05,2024-07-19,ok,526.0,521.0,4.71,3.58,534.63,548.99,1.0892,3.9108,1.0892,0.2785107906310729,1.0492,3.9508,1.0492,0.26556646755087576,1.1292,3.8708,1.1292,0.29172264131445697,0.9433999999999999,4.0566,0.9433999999999999,0.23255928610166143
2024-06-12,2024-07-19,ok,533.0,528.0,3.64,2.62,541.34,548.99,0.9792000000000001,4.0207999999999995,0.9792000000000001,0.24353362514922408,0.9392,4.0608,0.9392,0.231284475965327,1.0192,3.9808,1.0192,0.25602893890675243,0.874,4.126,0.874,0.2118274357731459
2024-06-20,2024-08-16,ok,535.0,530.0,5.37,4.36,547.0,554.31,0.9691999999999998,4.0308,0.9691999999999998,0.2404485461943038,0.9291999999999998,4.0708,0.9291999999999998,0.228259801513216,1.0091999999999999,3.9908,1.0091999999999999,0.25288162774381073,0.7945999999999998,4.2054,0.7945999999999998,0.1889475436343748
2024-06-27,2024-08-16,ok,537.0,532.0,4.52,3.56,546.42,554.31,0.9191999999999996,4.0808,0.9191999999999996,0.22524995099000186,0.8791999999999995,4.120800000000001,0.8791999999999995,0.21335662978062497,0.9591999999999995,4.040800000000001,0.9591999999999995,0.23737873688378522,0.7775999999999995,4.2224,0.7775999999999995,0.18416066691928748
2024-07-05,2024-08-16,ok,546.0,541.0,4.15,3.19,554.67,554.31,0.9192000000000005,4.0808,0.9192000000000005,0.22524995099000208,0.8792000000000004,4.120799999999999,0.8792000000000004,0.21335662978062528,0.9592000000000004,4.0408,0.9592000000000004,0.2373787368837855,0.7924000000000004,4.207599999999999,0.7924000000000004,0.18832588649111145
2024-07-12,2024-08-16,ok,551.0,546.0,3.44,2.55,559.9,554.31,0.8492000000000002,4.1508,0.8492000000000002,0.20458706755324277,0.8092000000000001,4.190799999999999,0.8092000000000001,0.193089624892622,0.8892000000000001,4.1108,0.8892000000000001,0.21630826116570984,0.7494000000000001,4.2506,0.7494000000000001,0.17630452171458147
2024-07-19,2024-08-16,ok,539.0,534.0,4.53,3.51,548.99,554.31,0.9792000000000005,4.0207999999999995,0.9792000000000005,0.2435336251492242,0.9392000000000005,4.0607999999999995,0.9392000000000005,0.23128447596532717,1.0192000000000005,3.9807999999999995,1.0192000000000005,0.2560289389067526,0.8384000000000005,4.1616,0.8384000000000005,0.20146097654748185
2024-07-26,2024-09-20,ok,531.0,526.0,6.53,5.48,544.44,568.25,1.0091999999999999,3.9908,1.0091999999999999,0.25288162774381073,0.9691999999999998,4.0308,0.9691999999999998,0.2404485461943038,1.0492,3.9508,1.0492,0.26556646755087576,0.7889999999999998,4.211,0.7889999999999998,0.18736642127760622
2024-08-02,2024-09-20,ok,515.0,510.0,8.44,7.48,532.9,568.25,0.9191999999999991,4.080800000000001,0.9191999999999991,0.2252499509900017,0.8791999999999991,4.120800000000001,0.8791999999999991,0.21335662978062486,0.959199999999999,4.040800000000001,0.959199999999999,0.2373787368837851,0.620799999999999,4.379200000000001,0.620799999999999,0.1417610522469855
2024-08-09,2024-09-20,ok,518.0,513.0,6.83,5.78,532.99,568.25,1.0091999999999999,3.9908,1.0091999999999999,0.25288162774381073,0.9691999999999998,4.0308,0.9691999999999998,0.2404485461943038,1.0492,3.9508,1.0492,0.26556646755087576,0.7769999999999998,4.223,0.7769999999999998,0.18399242244849628
2024-08-16,2024-09-20,ok,544.0,539.0,4.75,3.75,554.31,568.25,0.9592,4.0408,0.9592,0.2373787368837854,0.9192,4.0808,0.9192,0.22524995099000197,0.9992,4.0008,0.9992,0.249750049990002,0.8092,4.1908,0.8092,0.19308962489262194
2024-08-23,2024-10-18,ok,549.0,544.0,6.41,5.45,562.13,584.59,0.9192,4.0808,0.9192,0.22524995099000197,0.8792,4.1208,0.8792,0.2133566297806251,0.9591999999999999,4.0408,0.9591999999999999,0.23737873688378539,0.702,4.298,0.702,0.16333178222429034
2024-08-30,2024-10-18,ok,552.0,547.0,5.88,4.91,563.68,584.59,0.9291999999999998,4.0708,0.9291999999999998,0.228259801513216,0.8891999999999998,4.1108,0.8891999999999998,0.21630826116570978,0.9691999999999997,4.0308,0.9691999999999997,0.24044854619430378,0.7333999999999997,4.2666,0.7333999999999997,0.17189331083298168
2024-09-09,2024-10-18,ok,532.0,527.0,6.57,5.52,546.41,584.59,1.0092000000000008,3.9907999999999992,1.0092000000000008,0.252881627743811,0.9692000000000007,4.030799999999999,0.9692000000000007,0.24044854619430409,1.0492000000000008,3.950799999999999,1.0492000000000008,0.26556646755087604,0.7874000000000007,4.212599999999999,0.7874000000000007,0.18691544414375938
2024-09-16,2024-10-18,ok,551.0,546.0,5.38,4.36,562.84,584.59,0.9791999999999996,4.0208,0.9791999999999996,0.24353362514922391,0.9391999999999996,4.0608,0.9391999999999996,0.23128447596532692,1.0191999999999997,3.9808000000000003,1.0191999999999997,0.2560289389067523,0.8043999999999996,4.195600000000001,0.8043999999999996,0.19172466393364462
2024-09-23,2024-11-15,ok,557.0,552.0,7.24,6.22,569.67,585.75,0.9792000000000005,4.0207999999999995,0.9792000000000005,0.2435336251492242,0.9392000000000005,4.0607999999999995,0.9392000000000005,0.23128447596532717,1.0192000000000005,3.9807999999999995,1.0192000000000005,0.2560289389067526,0.7300000000000004,4.27,0.7300000000000004,0.17096018735363008
2024-09-30,2024-11-15,ok,560.0,555.0,7.19,6.16,573.76,585.75,0.9892000000000003,4.0108,0.9892000000000003,0.24663408796250133,0.9492000000000003,4.0508,0.9492000000000003,0.23432408413152966,1.0292000000000003,3.9707999999999997,1.0292000000000003,0.2591921023471342,0.7422000000000002,4.2578,0.7422000000000002,0.17431537413687825
2024-10-07,2024-11-15,ok,551.0,546.0,7.35,6.4,567.8,585.75,0.9091999999999993,4.090800000000001,0.9091999999999993,0.2222548156839736,0.8691999999999993,4.130800000000001,0.8691999999999993,0.21041928924179315,0.9491999999999993,4.050800000000001,0.9491999999999993,0.23432408413152936,0.6541999999999992,4.3458000000000006,0.6541999999999992,0.15053614984582797
2024-10-14,2024-11-15,ok,570.0,565.0,5.61,4.71,584.32,585.75,0.8592000000000004,4.1408,0.8592000000000004,0.20749613601236488,0.8192000000000004,4.1808,0.8192000000000004,0.19594336012246472,0.8992000000000003,4.1008,0.8992000000000003,0.21927428794381595,0.6728000000000003,4.3271999999999995,0.6728000000000003,0.15548160473285275
2024-10-21,2024-12-20,ok,567.0,562.0,7.52,6.6,583.63,591.15,0.8792,4.1208,0.8792,0.2133566297806251,0.8392,4.1608,0.8392,0.201691982311094,0.9191999999999999,4.0808,0.9191999999999999,0.22524995099000195,0.6167999999999999,4.3832,0.6167999999999999,0.1407191093265194
2024-10-28,2024-12-20,ok,564.0,559.0,7.79,6.84,580.83,591.15,0.9092000000000002,4.0908,0.9092000000000002,0.22225481568397387,0.8692000000000002,4.1308,0.8692000000000002,0.21041928924179343,0.9492000000000002,4.0508,0.9492000000000002,0.23432408413152964,0.6366000000000002,4.3633999999999995,0.6366000000000002,0.14589540266764456
2024-11-04,2024-12-20,ok,552.0,547.0,7.61,6.61,569.81,591.15,0.9592,4.0408,0.9592,0.2373787368837854,0.9192,4.0808,0.9192,0.22524995099000197,0.9992,4.0008,0.9992,0.249750049990002,0.6948,4.3052,0.6948,0.16138623060484994
2024-11-11,2024-12-20,ok,587.0,582.0,5.23,4.27,598.76,591.15,0.9192000000000009,4.080799999999999,0.9192000000000009,0.22524995099000222,0.8792000000000009,4.120799999999999,0.8792000000000009,0.2133566297806254,0.9592000000000008,4.040799999999999,0.9592000000000008,0.23737873688378566,0.7492000000000009,4.250799999999999,0.7492000000000009,0.1762491766255766
2024-11-18,2024-12-20,ok,577.0,572.0,5.02,4.02,588.15,591.15,0.9592,4.0408,0.9592,0.2373787368837854,0.9192,4.0808,0.9192,0.22524995099000197,0.9992,4.0008,0.9992,0.249750049990002,0.7984,4.2016,0.7984,0.19002284843869002
2024-11-25,2025-01-17,ok,585.0,580.0,5.75,4.86,597.53,597.58,0.8491999999999997,4.1508,0.8491999999999997,0.20458706755324266,0.8091999999999997,4.1908,0.8091999999999997,0.19308962489262185,0.8891999999999997,4.1108,0.8891999999999997,0.21630826116570975,0.6569999999999997,4.343,0.6569999999999997,0.1512779184895233
2024-12-03,2025-01-17,ok,593.0,588.0,4.9,3.99,603.91,597.58,0.8692000000000002,4.1308,0.8692000000000002,0.21041928924179343,0.8292000000000002,4.1708,0.8292000000000002,0.19881077970653116,0.9092000000000001,4.0908,0.9092000000000001,0.22225481568397384,0.7114000000000001,4.2886,0.7114000000000001,0.1658816396959381
2024-12-10,2025-01-17,ok,592.0,587.0,4.65,3.79,602.8,597.58,0.8192000000000004,4.1808,0.8192000000000004,0.19594336012246472,0.7792000000000003,4.2208,0.7792000000000003,0.184609552691433,0.8592000000000003,4.1408,0.8592000000000003,0.20749613601236486,0.6704000000000003,4.329599999999999,0.6704000000000003,0.15484109386548423
2024-12-17,2025-01-17,ok,593.0,588.0,4.64,3.77,604.29,597.58,0.8291999999999997,4.1708,0.8291999999999997,0.19881077970653105,0.7891999999999997,4.210800000000001,0.7891999999999997,0.1874228175168613,0.8691999999999996,4.130800000000001,0.8691999999999996,0.21041928924179323,0.6809999999999996,4.319000000000001,0.6809999999999996,0.1576753878212548
2024-12-24,2025-02-21,ok,589.0,584.0,6.4,5.48,601.3,599.94,0.8792,4.1208,0.8792,0.2133566297806251,0.8392,4.1608,0.8392,0.201691982311094,0.9191999999999999,4.0808,0.9191999999999999,0.22524995099000195,0.6616,4.3384,0.6616,0.1524986170016596
2025-01-02,2025-02-21,ok,569.0,564.0,6.43,5.46,584.64,599.94,0.9291999999999998,4.0708,0.9291999999999998,0.228259801513216,0.8891999999999998,4.1108,0.8891999999999998,0.21630826116570978,0.9691999999999997,4.0308,0.9691999999999997,0.24044854619430378,0.7113999999999998,4.288600000000001,0.7113999999999998,0.165881639695938
2025-01-10,2025-02-21,ok,564.0,559.0,6.35,5.38,580.49,599.94,0.9291999999999998,4.0708,0.9291999999999998,0.228259801513216,0.8891999999999998,4.1108,0.8891999999999998,0.21630826116570978,0.9691999999999997,4.0308,0.9691999999999997,0.24044854619430378,0.7145999999999997,4.2854,0.7145999999999997,0.16675222849675636
2025-01-17,2025-02-21,ok,585.0,580.0,4.84,3.9,597.58,599.94,0.8992,4.1008,0.8992,0.21927428794381587,0.8592,4.1408000000000005,0.8592,0.20749613601236472,0.9391999999999999,4.0608,0.9391999999999999,0.23128447596532697,0.7444,4.2556,0.7444,0.1749224551179622
2025-01-27,2025-03-21,ok,583.0,578.0,6.85,5.93,599.37,563.98,0.8792,4.1208,-4.1616,-1.00990099009901,0.8392,4.1608,-4.2416,-1.0194193424341473,0.9191999999999999,4.0808,-4.0816,-1.0001960399921583,0.6436,4.3564,-5.037999999999999,-1.1564594619410522
2025-02-03,2025-03-21,ok,582.0,577.0,7.0,5.99,597.77,563.98,0.9691999999999998,4.0308,-4.0716,-1.0101220601369456,0.9291999999999998,4.0708,-4.1516,-1.0198486783924536,1.0091999999999999,3.9908,-3.9916,-1.000200461060439,0.7293999999999997,4.2706,-4.9121999999999995,-1.1502365007258932
2025-02-10,2025-03-21,ok,592.0,587.0,5.69,4.71,604.85,563.98,0.9392000000000005,4.0607999999999995,-4.1015999999999995,-1.010047281323877,0.8992000000000004,4.1008,-4.1815999999999995,-1.0197034724931722,0.9792000000000004,4.0207999999999995,-4.021599999999999,-1.0001989653800238,0.7512000000000004,4.248799999999999,-5.290399999999998,-1.2451515722086235
2025-02-18,2025-04-17,ok,597.0,592.0,6.84,5.86,611.49,526.41,0.9391999999999996,4.0608,-4.1016,-1.010047281323877,0.8991999999999996,4.1008000000000004,-4.1816,-1.019703472493172,0.9791999999999995,4.0208,-4.0216,-1.0001989653800238,0.7051999999999995,4.2948,-7.039200000000002,-1.63900530874546
2025-02-25,2025-04-17,ok,577.0,572.0,7.43,6.45,594.24,526.41,0.9391999999999996,4.0608,-4.1016,-1.010047281323877,0.8991999999999996,4.1008000000000004,-4.1816,-1.019703472493172,0.9791999999999995,4.0208,-4.0216,-1.0001989653800238,0.6815999999999995,4.3184000000000005,-6.262800000000002,-1.4502593553167844
2025-03-04,2025-04-17,ok,557.0,552.0,7.82,6.82,576.86,526.41,0.9592,4.0408,-4.0816,-1.0100970104929716,0.9192,4.0808,-4.1616,-1.0198000392079984,0.9992,4.0008,-4.0016,-1.0001999600079983,0.6863999999999999,4.3136,-5.458000000000002,-1.265300445103858
2025-03-25,2025-05-16,ok,560.0,555.0,7.08,6.04,575.46,594.2,0.9992000000000001,4.0008,0.9992000000000001,0.24975004999000203,0.9592,4.0408,0.9592,0.2373787368837854,1.0392000000000001,3.9608,1.0392000000000001,0.2623712381337104,0.7568,4.2432,0.7568,0.17835595776772248
2025-05-14,2025-06-20,ok,573.0,568.0,6.51,5.51,587.59,594.28,0.9592,4.0408,0.9592,0.2373787368837854,0.9192,4.0808,0.9192,0.22524995099000197,0.9992,4.0008,0.9992,0.249750049990002,0.7388,4.2612,0.7388,0.17337839106355019
2025-05-21,2025-07-18,ok,563.0,558.0,9.82,8.78,582.86,627.58,0.999200000000001,4.000799999999999,0.999200000000001,0.2497500499900023,0.9592000000000009,4.040799999999999,0.9592000000000009,0.2373787368837857,1.039200000000001,3.960799999999999,1.039200000000001,0.26237123813371066,0.6472000000000009,4.352799999999999,0.6472000000000009,0.1486859033265946
2025-05-29,2025-07-18,ok,573.0,568.0,8.57,7.52,590.05,627.58,1.0092000000000008,3.9907999999999992,1.0092000000000008,0.252881627743811,0.9692000000000007,4.030799999999999,0.9692000000000007,0.24044854619430409,1.0492000000000008,3.950799999999999,1.0492000000000008,0.26556646755087604,0.7074000000000007,4.292599999999999,0.7074000000000007,0.16479522899874222
2025-06-05,2025-07-18,ok,577.0,572.0,7.4,6.4,593.05,627.58,0.9592,4.0408,0.9592,0.2373787368837854,0.9192,4.0808,0.9192,0.22524995099000197,0.9992,4.0008,0.9992,0.249750049990002,0.7031999999999999,4.2968,0.7031999999999999,0.16365667473468626
2025-06-12,2025-07-18,ok,589.0,584.0,6.51,5.55,603.75,627.58,0.9192,4.0808,0.9192,0.22524995099000197,0.8792,4.1208,0.8792,0.2133566297806251,0.9591999999999999,4.0408,0.9591999999999999,0.23737873688378539,0.698,4.302,0.698,0.16225011622501162
2025-06-20,2025-08-15,ok,575.0,570.0,8.98,8.03,594.28,643.44,0.9092000000000011,4.090799999999999,0.9092000000000011,0.22225481568397412,0.8692000000000011,4.130799999999999,0.8692000000000011,0.21041928924179368,0.949200000000001,4.050799999999999,0.949200000000001,0.2343240841315299,0.5890000000000011,4.410999999999999,0.5890000000000011,0.13352981183405152
2025-06-27,2025-08-15,ok,600.0,595.0,7.18,6.22,614.91,643.44,0.9192,4.0808,0.9192,0.22524995099000197,0.8792,4.1208,0.8792,0.2133566297806251,0.9591999999999999,4.0408,0.9591999999999999,0.23737873688378539,0.6711999999999999,4.3288,0.6711999999999999,0.15505451857327662
2025-07-07,2025-08-15,ok,605.0,600.0,6.65,5.67,620.68,643.44,0.9392000000000005,4.0607999999999995,0.9392000000000005,0.23128447596532717,0.8992000000000004,4.1008,0.8992000000000004,0.21927428794381598,0.9792000000000004,4.0207999999999995,0.9792000000000004,0.24353362514922416,0.7128000000000004,4.2871999999999995,0.7128000000000004,0.16626236238104136
2025-07-14,2025-08-15,ok,611.0,606.0,5.64,4.71,624.81,643.44,0.8891999999999998,4.1108,0.8891999999999998,0.21630826116570978,0.8491999999999997,4.1508,0.8491999999999997,0.20458706755324266,0.9291999999999997,4.0708,0.9291999999999997,0.22825980151321598,0.7021999999999997,4.2978000000000005,0.7021999999999997,0.16338591837684388
2025-07-28,2025-09-19,ok,622.0,617.0,7.02,6.12,636.94,663.7,0.8591999999999995,4.1408000000000005,0.8591999999999995,0.2074961360123646,0.8191999999999995,4.1808000000000005,0.8191999999999995,0.19594336012246447,0.8991999999999994,4.1008000000000004,0.8991999999999994,0.21927428794381568,0.6163999999999994,4.3836,0.6163999999999994,0.1406150196185782
2025-08-04,2025-09-19,ok,615.0,610.0,7.09,6.21,631.17,663.7,0.8392,4.1608,0.8392,0.201691982311094,0.7991999999999999,4.2008,0.7991999999999999,0.1902494762902304,0.8791999999999999,4.1208,0.8791999999999999,0.21335662978062508,0.5931999999999998,4.4068000000000005,0.5931999999999998,0.13461014795316323
2025-08-11,2025-09-19,ok,622.0,617.0,6.36,5.43,635.92,663.7,0.8892000000000007,4.110799999999999,0.8892000000000007,0.21630826116571003,0.8492000000000006,4.150799999999999,0.8492000000000006,0.20458706755324294,0.9292000000000006,4.070799999999999,0.9292000000000006,0.22825980151321626,0.6734000000000006,4.326599999999999,0.6734000000000006,0.15564184347986887
2025-08-18,2025-09-19,ok,631.0,626.0,5.1,4.21,643.3,663.7,0.8491999999999997,4.1508,0.8491999999999997,0.20458706755324266,0.8091999999999997,4.1908,0.8091999999999997,0.19308962489262185,0.8891999999999997,4.1108,0.8891999999999997,0.21630826116570975,0.6829999999999997,4.317,0.6829999999999997,0.1582117211026175
2025-08-25,2025-10-17,ok,630.0,625.0,7.67,6.67,642.47,664.39,0.9592,4.0408,0.9592,0.2373787368837854,0.9192,4.0808,0.9192,0.22524995099000197,0.9992,4.0008,0.9992,0.249750049990002,0.6923999999999999,4.3076,0.6923999999999999,0.16073915869625777
2025-09-02,2025-10-17,ok,624.0,619.0,6.93,6.05,640.27,664.39,0.8392,4.1608,0.8392,0.201691982311094,0.7991999999999999,4.2008,0.7991999999999999,0.1902494762902304,0.8791999999999999,4.1208,0.8791999999999999,0.21335662978062508,0.5995999999999999,4.4004,0.5995999999999999,0.1362603399690937
2025-09-09,2025-10-17,ok,637.0,632.0,5.85,4.97,650.33,664.39,0.8392,4.1608,0.8392,0.201691982311094,0.7991999999999999,4.2008,0.7991999999999999,0.1902494762902304,0.8791999999999999,4.1208,0.8791999999999999,0.21335662978062508,0.6427999999999998,4.357200000000001,0.6427999999999998,0.14752593408611028
2025-09-16,2025-10-17,ok,647.0,642.0,5.69,4.75,660.0,664.39,0.8992000000000004,4.1008,0.8992000000000004,0.21927428794381598,0.8592000000000004,4.1408,0.8592000000000004,0.20749613601236488,0.9392000000000004,4.0607999999999995,0.9392000000000004,0.23128447596532714,0.7104000000000004,4.2896,0.7104000000000004,0.16560984707198814
2025-09-23,2025-11-21,ok,646.0,641.0,8.79,7.82,663.21,659.03,0.9291999999999989,4.070800000000001,0.9291999999999989,0.22825980151321576,0.8891999999999989,4.110800000000001,0.8891999999999989,0.2163082611657095,0.9691999999999988,4.030800000000001,0.9691999999999988,0.2404485461943035,0.6169999999999989,4.383000000000001,0.6169999999999989,0.14077116130504191
2025-09-30,2025-11-21,ok,650.0,645.0,8.02,7.06,666.18,659.03,0.9192,4.0808,0.9192,0.22524995099000197,0.8792,4.1208,0.8792,0.2133566297806251,0.9591999999999999,4.0408,0.9591999999999999,0.23737873688378539,0.6376,4.3624,0.6376,0.14615807812213458
2025-10-07,2025-11-21,ok,652.0,647.0,7.22,6.32,669.12,659.03,0.8591999999999995,4.1408000000000005,0.8591999999999995,0.2074961360123646,0.8191999999999995,4.1808000000000005,0.8191999999999995,0.19594336012246447,0.8991999999999994,4.1008000000000004,0.8991999999999994,0.21927428794381568,0.6083999999999994,4.3916,0.6083999999999994,0.13853720739593756
2025-10-14,2025-11-21,ok,644.0,639.0,8.15,7.19,662.23,659.03,0.9192,4.0808,0.9192,0.22524995099000197,0.8792,4.1208,0.8792,0.2133566297806251,0.9591999999999999,4.0408,0.9591999999999999,0.23737873688378539,0.6323999999999999,4.3676,0.6323999999999999,0.14479347925634212
2025-10-21,2025-11-21,ok,656.0,651.0,6.19,5.31,671.29,659.03,0.8392000000000008,4.160799999999999,0.8392000000000008,0.20169198231109425,0.7992000000000008,4.200799999999999,0.7992000000000008,0.19024947629023065,0.8792000000000008,4.120799999999999,0.8792000000000008,0.21335662978062536,0.6292000000000008,4.370799999999999,0.6292000000000008,0.14395533998352725
2025-10-28,2025-12-19,ok,670.0,665.0,8.77,7.75,687.06,680.59,0.9791999999999996,4.0208,0.9791999999999996,0.24353362514922391,0.9391999999999996,4.0608,0.9391999999999996,0.23128447596532692,1.0191999999999997,3.9808000000000003,1.0191999999999997,0.2560289389067523,0.6687999999999995,4.331200000000001,0.6687999999999995,0.1544144809752492
2025-11-04,2025-12-19,ok,657.0,652.0,9.02,7.99,675.24,680.59,0.9891999999999994,4.010800000000001,0.9891999999999994,0.24663408796250105,0.9491999999999994,4.050800000000001,0.9491999999999994,0.2343240841315294,1.0291999999999994,3.9708000000000006,1.0291999999999994,0.2591921023471339,0.6689999999999994,4.331,0.6689999999999994,0.1544677903486491
2025-11-11,2025-12-19,ok,667.0,662.0,7.17,6.17,683.0,680.59,0.9592,4.0408,0.9592,0.2373787368837854,0.9192,4.0808,0.9192,0.22524995099000197,0.9992,4.0008,0.9992,0.249750049990002,0.7123999999999999,4.2876,0.7123999999999999,0.16615355910066235
2025-11-18,2025-12-19,ok,640.0,635.0,9.13,8.1,660.08,680.59,0.9892000000000012,4.010799999999999,0.9892000000000012,0.2466340879625016,0.9492000000000012,4.050799999999999,0.9492000000000012,0.23432408413152991,1.0292000000000012,3.9707999999999988,1.0292000000000012,0.25919210234713447,0.6646000000000011,4.335399999999999,0.6646000000000011,0.15329612031185155
2025-11-25,2026-01-16,ok,655.0,650.0,8.65,7.68,675.02,691.66,0.9292000000000007,4.070799999999999,0.9292000000000007,0.2282598015132163,0.8892000000000007,4.110799999999999,0.8892000000000007,0.21630826116571003,0.9692000000000006,4.030799999999999,0.9692000000000006,0.24044854619430406,0.6226000000000006,4.3774,0.6226000000000006,0.14223054781377087
2025-12-03,2026-01-16,ok,670.0,665.0,8.1,6.99,683.89,691.66,1.0691999999999995,3.9308000000000005,1.0691999999999995,0.2720056985855295,1.0291999999999994,3.9708000000000006,1.0291999999999994,0.2591921023471339,1.1091999999999995,3.8908000000000005,1.1091999999999995,0.2850827593297007,0.7873999999999994,4.2126,0.7873999999999994,0.18691544414375905
2025-12-10,2026-01-16,ok,673.0,668.0,6.63,5.62,687.57,691.66,0.9691999999999998,4.0308,0.9691999999999998,0.2404485461943038,0.9291999999999998,4.0708,0.9291999999999998,0.228259801513216,1.0091999999999999,3.9908,1.0091999999999999,0.25288162774381073,0.7441999999999998,4.255800000000001,0.7441999999999998,0.1748672400018797
2025-12-17,2026-01-16,ok,657.0,652.0,6.1,5.12,671.4,691.66,0.9391999999999996,4.0608,0.9391999999999996,0.23128447596532692,0.8991999999999996,4.1008000000000004,0.8991999999999996,0.2192742879438157,0.9791999999999995,4.0208,0.9791999999999995,0.2435336251492239,0.7347999999999995,4.2652,0.7347999999999995,0.17227797055237726
2025-12-24,2026-02-20,ok,675.0,670.0,7.78,6.79,690.38,689.43,0.9492000000000003,4.0508,0.9492000000000003,0.23432408413152966,0.9092000000000002,4.0908,0.9092000000000002,0.22225481568397387,0.9892000000000002,4.0108,0.9892000000000002,0.2466340879625013,0.6778000000000002,4.3222,0.6778000000000002,0.1568182869834807
2026-01-02,2026-02-20,ok,670.0,665.0,7.42,6.36,683.17,689.43,1.0191999999999997,3.9808000000000003,1.0191999999999997,0.2560289389067523,0.9791999999999996,4.0208,0.9791999999999996,0.24353362514922391,1.0591999999999997,3.9408000000000003,1.0591999999999997,0.2687779131140884,0.7635999999999996,4.236400000000001,0.7635999999999996,0.18024737985081662
2026-01-09,2026-02-20,ok,680.0,675.0,6.25,5.31,694.07,689.43,0.8992000000000004,4.1008,0.8992000000000004,0.21927428794381598,0.8592000000000004,4.1408,0.8592000000000004,0.20749613601236488,0.9392000000000004,4.0607999999999995,0.9392000000000004,0.23128447596532714,0.6880000000000004,4.311999999999999,0.6880000000000004,0.15955473098330253
2026-01-16,2026-02-20,ok,677.0,672.0,6.02,5.12,691.66,689.43,0.8591999999999995,4.1408000000000005,0.8591999999999995,0.2074961360123646,0.8191999999999995,4.1808000000000005,0.8191999999999995,0.19594336012246447,0.8991999999999994,4.1008000000000004,0.8991999999999994,0.21927428794381568,0.6563999999999994,4.3436,0.6563999999999994,0.15111888755870692
2026-01-26,2026-03-20,ok,675.0,670.0,8.63,7.65,692.73,648.57,0.9392000000000005,4.0607999999999995,-4.1015999999999995,-1.010047281323877,0.8992000000000004,4.1008,-4.1815999999999995,-1.0197034724931722,0.9792000000000004,4.0207999999999995,-4.021599999999999,-1.0001989653800238,0.6336000000000004,4.3664,-5.344399999999998,-1.223983144008794
2026-02-02,2026-03-20,ok,679.0,674.0,8.19,7.22,695.41,648.57,0.9291999999999998,4.0708,-4.1116,-1.0100225999803478,0.8891999999999998,4.1108,-4.1916,-1.0196555415004378,0.9691999999999997,4.0308,-4.0316,-1.000198471767391,0.6409999999999997,4.359,-5.496999999999998,-1.2610690525349846
2026-02-09,2026-03-20,ok,677.0,672.0,7.65,6.71,693.95,648.57,0.8992000000000004,4.1008,-4.1415999999999995,-1.0099492781896215,0.8592000000000004,4.1408,-4.2216,-1.0195131375579598,0.9392000000000004,4.0607999999999995,-4.061599999999999,-1.0001970055161544,0.6320000000000003,4.367999999999999,-5.4259999999999975,-1.2422161172161168
2026-02-17,2026-03-20,ok,665.0,660.0,7.96,6.95,682.85,648.57,0.9691999999999998,4.0308,-4.0716,-1.0101220601369456,0.9291999999999998,4.0708,-4.1516,-1.0198486783924536,1.0091999999999999,3.9908,-3.9916,-1.000200461060439,0.6909999999999997,4.309,-4.886999999999999,-1.1341378510095146
2026-02-24,2026-04-17,ok,666.0,661.0,10.03,9.04,687.35,710.14,0.9492000000000003,4.0508,0.9492000000000003,0.23432408413152966,0.9092000000000002,4.0908,0.9092000000000002,0.22225481568397387,0.9892000000000002,4.0108,0.9892000000000002,0.2466340879625013,0.5878000000000002,4.4121999999999995,0.5878000000000002,0.1332215221431486
2026-03-03,2026-04-17,ok,657.0,652.0,10.6,9.6,680.33,710.14,0.9592,4.0408,0.9592,0.2373787368837854,0.9192,4.0808,0.9192,0.22524995099000197,0.9992,4.0008,0.9992,0.249750049990002,0.5751999999999999,4.4248,0.5751999999999999,0.12999457602603506
2026-03-10,2026-04-17,ok,654.0,649.0,10.09,9.11,677.18,710.14,0.9392000000000005,4.0607999999999995,0.9392000000000005,0.23128447596532717,0.8992000000000004,4.1008,0.8992000000000004,0.21927428794381598,0.9792000000000004,4.0207999999999995,0.9792000000000004,0.24353362514922416,0.5752000000000004,4.424799999999999,0.5752000000000004,0.12999457602603517
2026-03-17,2026-04-17,ok,652.0,647.0,8.67,7.62,670.79,710.14,1.0091999999999999,3.9908,1.0091999999999999,0.25288162774381073,0.9691999999999998,4.0308,0.9691999999999998,0.2404485461943038,1.0492,3.9508,1.0492,0.26556646755087576,0.7033999999999998,4.2966,0.7033999999999998,0.16371084113019593
2026-04-08,2026-05-15,ok,657.0,652.0,8.67,7.69,676.01,739.17,0.9391999999999996,4.0608,0.9391999999999996,0.23128447596532692,0.8991999999999996,4.1008000000000004,0.8991999999999996,0.2192742879438157,0.9791999999999995,4.0208,0.9791999999999995,0.2435336251492239,0.6319999999999995,4.368,0.6319999999999995,0.14468864468864456
2026-04-15,2026-05-15,ok,684.0,679.0,6.67,5.71,699.94,739.17,0.9192,4.0808,0.9192,0.22524995099000197,0.8792,4.1208,0.8792,0.2133566297806251,0.9591999999999999,4.0408,0.9591999999999999,0.23737873688378539,0.6916,4.3084,0.6916,0.1605236282610714
2026-04-22,2026-06-18,ok,690.0,685.0,10.49,9.48,711.21,746.74,0.9691999999999998,4.0308,0.9691999999999998,0.2404485461943038,0.9291999999999998,4.0708,0.9291999999999998,0.228259801513216,1.0091999999999999,3.9908,1.0091999999999999,0.25288162774381073,0.5897999999999997,4.410200000000001,0.5897999999999997,0.13373543149970513
2026-04-29,2026-06-18,ok,691.0,686.0,10.44,9.34,711.58,746.74,1.0591999999999997,3.9408000000000003,1.0591999999999997,0.2687779131140884,1.0191999999999997,3.9808000000000003,1.0191999999999997,0.2560289389067523,1.0991999999999997,3.9008000000000003,1.0991999999999997,0.28178835110746503,0.6835999999999997,4.316400000000001,0.6835999999999997,0.15837271800574543
2026-05-06,2026-06-18,ok,715.0,710.0,8.38,7.37,733.83,746.74,0.9692000000000007,4.030799999999999,0.9692000000000007,0.24044854619430409,0.9292000000000007,4.070799999999999,0.9292000000000007,0.2282598015132163,1.0092000000000008,3.9907999999999992,1.0092000000000008,0.252881627743811,0.6742000000000006,4.325799999999999,0.6742000000000006,0.15585556428868666
2026-05-13,2026-06-18,ok,724.0,719.0,7.67,6.63,742.31,746.74,0.9992000000000001,4.0008,0.9992000000000001,0.24975004999000203,0.9592,4.0408,0.9592,0.2373787368837854,1.0392000000000001,3.9608,1.0392000000000001,0.2623712381337104,0.7332,4.2668,0.7332,0.1718383800506234
2026-05-20,2026-07-17,ok,720.0,715.0,10.48,9.41,741.25,743.29,1.0292000000000003,3.9707999999999997,1.0292000000000003,0.2591921023471342,0.9892000000000003,4.0108,0.9892000000000003,0.24663408796250133,1.0692000000000004,3.9307999999999996,1.0692000000000004,0.2720056985855298,0.6514000000000002,4.348599999999999,0.6514000000000002,0.1497953364301155
2026-05-28,2026-07-17,ok,736.0,731.0,8.36,7.31,754.6,743.29,1.0091999999999999,3.9908,1.0091999999999999,0.25288162774381073,0.9691999999999998,4.0308,0.9691999999999998,0.2404485461943038,1.0492,3.9508,1.0492,0.26556646755087576,0.7157999999999998,4.2842,0.7157999999999998,0.16707903459222254
2026-06-04,2026-07-17,ok,740.0,735.0,8.07,7.01,757.09,743.29,1.0192000000000005,3.9807999999999995,1.0192000000000005,0.2560289389067526,0.9792000000000005,4.0207999999999995,0.9792000000000005,0.2435336251492242,1.0592000000000006,3.9407999999999994,1.0592000000000006,0.2687779131140887,0.7376000000000005,4.2623999999999995,0.7376000000000005,0.1730480480480482
2026-06-11,2026-07-17,ok,718.0,713.0,8.01,6.96,737.76,743.29,1.0091999999999999,3.9908,1.0091999999999999,0.25288162774381073,0.9691999999999998,4.0308,0.9691999999999998,0.2404485461943038,1.0492,3.9508,1.0492,0.26556646755087576,0.7297999999999998,4.2702,0.7297999999999998,0.17090534401199
2026-06-18,2026-07-17,ok,732.0,727.0,5.96,5.03,746.74,743.29,0.8891999999999998,4.1108,0.8891999999999998,0.21630826116570978,0.8491999999999997,4.1508,0.8491999999999997,0.20458706755324266,0.9291999999999997,4.0708,0.9291999999999997,0.22825980151321598,0.6893999999999997,4.3106,0.6893999999999997,0.15993133206514168
2026-06-26,2026-08-21,ok,707.0,702.0,9.01,8.07,728.99,765.72,0.8991999999999996,4.1008000000000004,0.8991999999999996,0.2192742879438157,0.8591999999999995,4.1408000000000005,0.8591999999999995,0.2074961360123646,0.9391999999999995,4.0608,0.9391999999999995,0.2312844759653269,0.5775999999999994,4.4224000000000006,0.5775999999999994,0.1306078147612155
2026-07-06,2026-08-21,ok,734.0,729.0,7.6,6.62,751.28,765.72,0.9391999999999996,4.0608,0.9391999999999996,0.23128447596532692,0.8991999999999996,4.1008000000000004,0.8991999999999996,0.2192742879438157,0.9791999999999995,4.0208,0.9791999999999995,0.2435336251492239,0.6747999999999995,4.325200000000001,0.6747999999999995,0.15601590677887714
2026-07-13,2026-08-21,ok,731.0,726.0,7.56,6.59,749.17,765.72,0.9291999999999998,4.0708,0.9291999999999998,0.228259801513216,0.8891999999999998,4.1108,0.8891999999999998,0.21630826116570978,0.9691999999999997,4.0308,0.9691999999999997,0.24044854619430378,0.6661999999999997,4.3338,0.6661999999999997,0.1537219068715676
2026-07-20,2026-08-21,ok,724.0,719.0,7.38,6.43,742.09,765.72,0.9092000000000002,4.0908,0.9092000000000002,0.22225481568397387,0.8692000000000002,4.1308,0.8692000000000002,0.21041928924179343,0.9492000000000002,4.0508,0.9492000000000002,0.23432408413152964,0.6530000000000001,4.3469999999999995,0.6530000000000001,0.1502185415228894
2026-07-27,2026-09-18,ok,717.0,712.0,9.76,8.78,739.09,761.69,0.9392000000000005,4.0607999999999995,0.9392000000000005,0.23128447596532717,0.8992000000000004,4.1008,0.8992000000000004,0.21927428794381598,0.9792000000000004,4.0207999999999995,0.9792000000000004,0.24353362514922416,0.5884000000000004,4.4116,0.5884000000000004,0.1333756460241183
2026-08-03,2026-09-18,ok,740.0,735.0,8.11,7.11,757.67,761.69,0.9591999999999992,4.040800000000001,0.9591999999999992,0.23737873688378514,0.9191999999999991,4.080800000000001,0.9191999999999991,0.2252499509900017,0.9991999999999991,4.000800000000001,0.9991999999999991,0.24975004999000172,0.6747999999999991,4.325200000000001,0.6747999999999991,0.15601590677887703
2026-08-10,2026-09-18,ok,756.0,751.0,7.3,6.28,773.03,761.69,0.9791999999999996,4.0208,0.9791999999999996,0.24353362514922391,0.9391999999999996,4.0608,0.9391999999999996,0.23128447596532692,1.0191999999999997,3.9808000000000003,1.0191999999999997,0.2560289389067523,0.7275999999999996,4.2724,0.7275999999999996,0.1703024061417469
